Bar Name,Brand Name,abc_class,series_class,lead_time_days,service_level,z_score,avg_forecast_demand_per_day_ml,forecast_rmse_ml,lead_time_demand_ml,safety_stock_ml,par_level_ml,reorder_point_ml
Anderson's Bar,Absolut,C,intermittent-stable,2,90%,1.282,58.8,137.7,117.6,249.7,367.3,367.3
Anderson's Bar,Absolut,C,intermittent-stable,2,95%,1.645,58.8,137.7,117.6,320.4,438.0,438.0
Anderson's Bar,Absolut,C,intermittent-stable,2,99%,2.326,58.8,137.7,117.6,453.0,570.6,570.6
Anderson's Bar,Absolut,C,intermittent-stable,3,90%,1.282,58.8,137.7,176.4,305.8,482.2,482.2
Anderson's Bar,Absolut,C,intermittent-stable,3,95%,1.645,58.8,137.7,176.4,392.4,568.8,568.8
Anderson's Bar,Absolut,C,intermittent-stable,3,99%,2.326,58.8,137.7,176.4,554.8,731.2,731.2
Anderson's Bar,Absolut,C,intermittent-stable,5,90%,1.282,58.8,137.7,294.0,394.8,688.8,688.8
Anderson's Bar,Absolut,C,intermittent-stable,5,95%,1.645,58.8,137.7,294.0,506.6,800.6,800.6
Anderson's Bar,Absolut,C,intermittent-stable,5,99%,2.326,58.8,137.7,294.0,716.3,1010.3,1010.3
Anderson's Bar,Bacardi,A,intermittent-stable,2,90%,1.282,51.2,153.1,102.4,277.5,379.9,379.9
Anderson's Bar,Bacardi,A,intermittent-stable,2,95%,1.645,51.2,153.1,102.4,356.1,458.5,458.5
Anderson's Bar,Bacardi,A,intermittent-stable,2,99%,2.326,51.2,153.1,102.4,503.5,605.9,605.9
Anderson's Bar,Bacardi,A,intermittent-stable,3,90%,1.282,51.2,153.1,153.6,339.9,493.4,493.4
Anderson's Bar,Bacardi,A,intermittent-stable,3,95%,1.645,51.2,153.1,153.6,436.1,589.7,589.7
Anderson's Bar,Bacardi,A,intermittent-stable,3,99%,2.326,51.2,153.1,153.6,616.6,770.2,770.2
Anderson's Bar,Bacardi,A,intermittent-stable,5,90%,1.282,51.2,153.1,256.0,438.8,694.7,694.7
Anderson's Bar,Bacardi,A,intermittent-stable,5,95%,1.645,51.2,153.1,256.0,563.0,819.0,819.0
Anderson's Bar,Bacardi,A,intermittent-stable,5,99%,2.326,51.2,153.1,256.0,796.1,1052.0,1052.0
Anderson's Bar,Barefoot,A,intermittent-stable,2,90%,1.282,60.5,148.3,121.0,268.8,389.8,389.8
Anderson's Bar,Barefoot,A,intermittent-stable,2,95%,1.645,60.5,148.3,121.0,344.9,465.9,465.9
Anderson's Bar,Barefoot,A,intermittent-stable,2,99%,2.326,60.5,148.3,121.0,487.7,608.7,608.7
Anderson's Bar,Barefoot,A,intermittent-stable,3,90%,1.282,60.5,148.3,181.6,329.2,510.8,510.8
Anderson's Bar,Barefoot,A,intermittent-stable,3,95%,1.645,60.5,148.3,181.6,422.4,604.0,604.0
Anderson's Bar,Barefoot,A,intermittent-stable,3,99%,2.326,60.5,148.3,181.6,597.3,778.8,778.8
Anderson's Bar,Barefoot,A,intermittent-stable,5,90%,1.282,60.5,148.3,302.6,425.0,727.6,727.6
Anderson's Bar,Barefoot,A,intermittent-stable,5,95%,1.645,60.5,148.3,302.6,545.3,847.9,847.9
Anderson's Bar,Barefoot,A,intermittent-stable,5,99%,2.326,60.5,148.3,302.6,771.1,1073.7,1073.7
Anderson's Bar,Budweiser,C,intermittent-volatile,2,90%,1.282,0.0,0.0,0.0,0.0,0.0,0.0
Anderson's Bar,Budweiser,C,intermittent-volatile,2,95%,1.645,0.0,0.0,0.0,0.0,0.0,0.0
Anderson's Bar,Budweiser,C,intermittent-volatile,2,99%,2.326,0.0,0.0,0.0,0.0,0.0,0.0
Anderson's Bar,Budweiser,C,intermittent-volatile,3,90%,1.282,0.0,0.0,0.0,0.0,0.0,0.0
Anderson's Bar,Budweiser,C,intermittent-volatile,3,95%,1.645,0.0,0.0,0.0,0.0,0.0,0.0
Anderson's Bar,Budweiser,C,intermittent-volatile,3,99%,2.326,0.0,0.0,0.0,0.0,0.0,0.0
Anderson's Bar,Budweiser,C,intermittent-volatile,5,90%,1.282,0.0,0.0,0.0,0.0,0.0,0.0
Anderson's Bar,Budweiser,C,intermittent-volatile,5,95%,1.645,0.0,0.0,0.0,0.0,0.0,0.0
Anderson's Bar,Budweiser,C,intermittent-volatile,5,99%,2.326,0.0,0.0,0.0,0.0,0.0,0.0
Anderson's Bar,Captain Morgan,A,intermittent-seasonal,2,90%,1.282,78.2,151.9,156.4,275.4,431.9,431.9
Anderson's Bar,Captain Morgan,A,intermittent-seasonal,2,95%,1.645,78.2,151.9,156.4,353.4,509.8,509.8
Anderson's Bar,Captain Morgan,A,intermittent-seasonal,2,99%,2.326,78.2,151.9,156.4,499.7,656.1,656.1
Anderson's Bar,Captain Morgan,A,intermittent-seasonal,3,90%,1.282,78.2,151.9,234.7,337.3,572.0,572.0
Anderson's Bar,Captain Morgan,A,intermittent-seasonal,3,95%,1.645,78.2,151.9,234.7,432.8,667.5,667.5
Anderson's Bar,Captain Morgan,A,intermittent-seasonal,3,99%,2.326,78.2,151.9,234.7,612.0,846.7,846.7
Anderson's Bar,Captain Morgan,A,intermittent-seasonal,5,90%,1.282,78.2,151.9,391.1,435.5,826.6,826.6
Anderson's Bar,Captain Morgan,A,intermittent-seasonal,5,95%,1.645,78.2,151.9,391.1,558.8,949.9,949.9
Anderson's Bar,Captain Morgan,A,intermittent-seasonal,5,99%,2.326,78.2,151.9,391.1,790.1,1181.2,1181.2
Anderson's Bar,Coors,A,intermittent-seasonal,2,90%,1.282,49.8,140.9,99.6,255.5,355.0,355.0
Anderson's Bar,Coors,A,intermittent-seasonal,2,95%,1.645,49.8,140.9,99.6,327.8,427.4,427.4
Anderson's Bar,Coors,A,intermittent-seasonal,2,99%,2.326,49.8,140.9,99.6,463.5,563.1,563.1
Anderson's Bar,Coors,A,intermittent-seasonal,3,90%,1.282,49.8,140.9,149.4,312.9,462.3,462.3
Anderson's Bar,Coors,A,intermittent-seasonal,3,95%,1.645,49.8,140.9,149.4,401.5,550.8,550.8
Anderson's Bar,Coors,A,intermittent-seasonal,3,99%,2.326,49.8,140.9,149.4,567.7,717.1,717.1
Anderson's Bar,Coors,A,intermittent-seasonal,5,90%,1.282,49.8,140.9,249.0,403.9,652.9,652.9
Anderson's Bar,Coors,A,intermittent-seasonal,5,95%,1.645,49.8,140.9,249.0,518.3,767.3,767.3
Anderson's Bar,Coors,A,intermittent-seasonal,5,99%,2.326,49.8,140.9,249.0,732.9,981.8,981.8
Anderson's Bar,Grey Goose,A,intermittent-stable,2,90%,1.282,49.7,143.5,99.4,260.2,359.6,359.6
Anderson's Bar,Grey Goose,A,intermittent-stable,2,95%,1.645,49.7,143.5,99.4,333.9,433.3,433.3
Anderson's Bar,Grey Goose,A,intermittent-stable,2,99%,2.326,49.7,143.5,99.4,472.1,571.5,571.5
Anderson's Bar,Grey Goose,A,intermittent-stable,3,90%,1.282,49.7,143.5,149.1,318.7,467.8,467.8
Anderson's Bar,Grey Goose,A,intermittent-stable,3,95%,1.645,49.7,143.5,149.1,408.9,558.0,558.0
Anderson's Bar,Grey Goose,A,intermittent-stable,3,99%,2.326,49.7,143.5,149.1,578.2,727.3,727.3
Anderson's Bar,Grey Goose,A,intermittent-stable,5,90%,1.282,49.7,143.5,248.5,411.4,659.9,659.9
Anderson's Bar,Grey Goose,A,intermittent-stable,5,95%,1.645,49.7,143.5,248.5,527.9,776.4,776.4
Anderson's Bar,Grey Goose,A,intermittent-stable,5,99%,2.326,49.7,143.5,248.5,746.4,994.9,994.9
Anderson's Bar,Heineken,B,intermittent-seasonal,2,90%,1.282,34.8,141.2,69.7,256.1,325.7,325.7
Anderson's Bar,Heineken,B,intermittent-seasonal,2,95%,1.645,34.8,141.2,69.7,328.6,398.2,398.2
Anderson's Bar,Heineken,B,intermittent-seasonal,2,99%,2.326,34.8,141.2,69.7,464.6,534.3,534.3
Anderson's Bar,Heineken,B,intermittent-seasonal,3,90%,1.282,34.8,141.2,104.5,313.6,418.1,418.1
Anderson's Bar,Heineken,B,intermittent-seasonal,3,95%,1.645,34.8,141.2,104.5,402.4,506.9,506.9
Anderson's Bar,Heineken,B,intermittent-seasonal,3,99%,2.326,34.8,141.2,104.5,569.0,673.5,673.5
Anderson's Bar,Heineken,B,intermittent-seasonal,5,90%,1.282,34.8,141.2,174.2,404.9,579.1,579.1
Anderson's Bar,Heineken,B,intermittent-seasonal,5,95%,1.645,34.8,141.2,174.2,519.5,693.7,693.7
Anderson's Bar,Heineken,B,intermittent-seasonal,5,99%,2.326,34.8,141.2,174.2,734.6,908.8,908.8
Anderson's Bar,Jack Daniels,A,intermittent-volatile,2,90%,1.282,76.4,192.7,152.7,349.3,502.0,502.0
Anderson's Bar,Jack Daniels,A,intermittent-volatile,2,95%,1.645,76.4,192.7,152.7,448.2,600.9,600.9
Anderson's Bar,Jack Daniels,A,intermittent-volatile,2,99%,2.326,76.4,192.7,152.7,633.7,786.5,786.5
Anderson's Bar,Jack Daniels,A,intermittent-volatile,3,90%,1.282,76.4,192.7,229.1,427.8,656.9,656.9
Anderson's Bar,Jack Daniels,A,intermittent-volatile,3,95%,1.645,76.4,192.7,229.1,548.9,778.0,778.0
Anderson's Bar,Jack Daniels,A,intermittent-volatile,3,99%,2.326,76.4,192.7,229.1,776.2,1005.3,1005.3
Anderson's Bar,Jack Daniels,A,intermittent-volatile,5,90%,1.282,76.4,192.7,381.8,552.3,934.1,934.1
Anderson's Bar,Jack Daniels,A,intermittent-volatile,5,95%,1.645,76.4,192.7,381.8,708.7,1090.5,1090.5
Anderson's Bar,Jack Daniels,A,intermittent-volatile,5,99%,2.326,76.4,192.7,381.8,1002.0,1383.9,1383.9
Anderson's Bar,Jameson,A,intermittent-seasonal,2,90%,1.282,46.6,136.5,93.3,247.5,340.8,340.8
Anderson's Bar,Jameson,A,intermittent-seasonal,2,95%,1.645,46.6,136.5,93.3,317.6,410.9,410.9
Anderson's Bar,Jameson,A,intermittent-seasonal,2,99%,2.326,46.6,136.5,93.3,449.1,542.4,542.4
Anderson's Bar,Jameson,A,intermittent-seasonal,3,90%,1.282,46.6,136.5,139.9,303.1,443.1,443.1
Anderson's Bar,Jameson,A,intermittent-seasonal,3,95%,1.645,46.6,136.5,139.9,389.0,528.9,528.9
Anderson's Bar,Jameson,A,intermittent-seasonal,3,99%,2.326,46.6,136.5,139.9,550.0,689.9,689.9
Anderson's Bar,Jameson,A,intermittent-seasonal,5,90%,1.282,46.6,136.5,233.2,391.4,624.6,624.6
Anderson's Bar,Jameson,A,intermittent-seasonal,5,95%,1.645,46.6,136.5,233.2,502.2,735.4,735.4
Anderson's Bar,Jameson,A,intermittent-seasonal,5,99%,2.326,46.6,136.5,233.2,710.1,943.3,943.3
Anderson's Bar,Jim Beam,A,intermittent-stable,2,90%,1.282,95.7,206.3,191.3,374.1,565.4,565.4
Anderson's Bar,Jim Beam,A,intermittent-stable,2,95%,1.645,95.7,206.3,191.3,480.0,671.3,671.3
Anderson's Bar,Jim Beam,A,intermittent-stable,2,99%,2.326,95.7,206.3,191.3,678.7,870.0,870.0
Anderson's Bar,Jim Beam,A,intermittent-stable,3,90%,1.282,95.7,206.3,287.0,458.1,745.1,745.1
Anderson's Bar,Jim Beam,A,intermittent-stable,3,95%,1.645,95.7,206.3,287.0,587.8,874.8,874.8
Anderson's Bar,Jim Beam,A,intermittent-stable,3,99%,2.326,95.7,206.3,287.0,831.2,1118.2,1118.2
Anderson's Bar,Jim Beam,A,intermittent-stable,5,90%,1.282,95.7,206.3,478.3,591.4,1069.8,1069.8
Anderson's Bar,Jim Beam,A,intermittent-stable,5,95%,1.645,95.7,206.3,478.3,758.9,1237.2,1237.2
Anderson's Bar,Jim Beam,A,intermittent-stable,5,99%,2.326,95.7,206.3,478.3,1073.1,1551.4,1551.4
Anderson's Bar,Malibu,C,intermittent-stable,2,90%,1.282,24.3,86.7,48.6,157.1,205.7,205.7
Anderson's Bar,Malibu,C,intermittent-stable,2,95%,1.645,24.3,86.7,48.6,201.6,250.2,250.2
Anderson's Bar,Malibu,C,intermittent-stable,2,99%,2.326,24.3,86.7,48.6,285.1,333.7,333.7
Anderson's Bar,Malibu,C,intermittent-stable,3,90%,1.282,24.3,86.7,72.9,192.4,265.3,265.3
Anderson's Bar,Malibu,C,intermittent-stable,3,95%,1.645,24.3,86.7,72.9,246.9,319.8,319.8
Anderson's Bar,Malibu,C,intermittent-stable,3,99%,2.326,24.3,86.7,72.9,349.1,422.0,422.0
Anderson's Bar,Malibu,C,intermittent-stable,5,90%,1.282,24.3,86.7,121.5,248.4,369.9,369.9
Anderson's Bar,Malibu,C,intermittent-stable,5,95%,1.645,24.3,86.7,121.5,318.8,440.3,440.3
Anderson's Bar,Malibu,C,intermittent-stable,5,99%,2.326,24.3,86.7,121.5,450.7,572.2,572.2
Anderson's Bar,Miller,A,intermittent-volatile,2,90%,1.282,34.8,128.1,69.6,232.2,301.8,301.8
Anderson's Bar,Miller,A,intermittent-volatile,2,95%,1.645,34.8,128.1,69.6,297.9,367.6,367.6
Anderson's Bar,Miller,A,intermittent-volatile,2,99%,2.326,34.8,128.1,69.6,421.3,490.9,490.9
Anderson's Bar,Miller,A,intermittent-volatile,3,90%,1.282,34.8,128.1,104.4,284.4,388.8,388.8
Anderson's Bar,Miller,A,intermittent-volatile,3,95%,1.645,34.8,128.1,104.4,364.9,469.4,469.4
Anderson's Bar,Miller,A,intermittent-volatile,3,99%,2.326,34.8,128.1,104.4,516.0,620.4,620.4
Anderson's Bar,Miller,A,intermittent-volatile,5,90%,1.282,34.8,128.1,174.1,367.1,541.2,541.2
Anderson's Bar,Miller,A,intermittent-volatile,5,95%,1.645,34.8,128.1,174.1,471.1,645.2,645.2
Anderson's Bar,Miller,A,intermittent-volatile,5,99%,2.326,34.8,128.1,174.1,666.1,840.2,840.2
Anderson's Bar,Smirnoff,A,intermittent-volatile,2,90%,1.282,74.4,197.5,148.9,358.0,506.9,506.9
Anderson's Bar,Smirnoff,A,intermittent-volatile,2,95%,1.645,74.4,197.5,148.9,459.4,608.3,608.3
Anderson's Bar,Smirnoff,A,intermittent-volatile,2,99%,2.326,74.4,197.5,148.9,649.6,798.4,798.4
Anderson's Bar,Smirnoff,A,intermittent-volatile,3,90%,1.282,74.4,197.5,223.3,438.5,661.8,661.8
Anderson's Bar,Smirnoff,A,intermittent-volatile,3,95%,1.645,74.4,197.5,223.3,562.6,785.9,785.9
Anderson's Bar,Smirnoff,A,intermittent-volatile,3,99%,2.326,74.4,197.5,223.3,795.5,1018.8,1018.8
Anderson's Bar,Smirnoff,A,intermittent-volatile,5,90%,1.282,74.4,197.5,372.2,566.1,938.2,938.2
Anderson's Bar,Smirnoff,A,intermittent-volatile,5,95%,1.645,74.4,197.5,372.2,726.3,1098.5,1098.5
Anderson's Bar,Smirnoff,A,intermittent-volatile,5,99%,2.326,74.4,197.5,372.2,1027.0,1399.2,1399.2
Anderson's Bar,Sutter Home,A,intermittent-volatile,2,90%,1.282,69.7,194.2,139.3,352.1,491.5,491.5
Anderson's Bar,Sutter Home,A,intermittent-volatile,2,95%,1.645,69.7,194.2,139.3,451.8,591.2,591.2
Anderson's Bar,Sutter Home,A,intermittent-volatile,2,99%,2.326,69.7,194.2,139.3,638.9,778.2,778.2
Anderson's Bar,Sutter Home,A,intermittent-volatile,3,90%,1.282,69.7,194.2,209.0,431.3,640.3,640.3
Anderson's Bar,Sutter Home,A,intermittent-volatile,3,95%,1.645,69.7,194.2,209.0,553.4,762.4,762.4
Anderson's Bar,Sutter Home,A,intermittent-volatile,3,99%,2.326,69.7,194.2,209.0,782.5,991.5,991.5
Anderson's Bar,Sutter Home,A,intermittent-volatile,5,90%,1.282,69.7,194.2,348.4,556.8,905.1,905.1
Anderson's Bar,Sutter Home,A,intermittent-volatile,5,95%,1.645,69.7,194.2,348.4,714.4,1062.8,1062.8
Anderson's Bar,Sutter Home,A,intermittent-volatile,5,99%,2.326,69.7,194.2,348.4,1010.2,1358.5,1358.5
Anderson's Bar,Yellow Tail,A,intermittent-volatile,2,90%,1.282,56.7,138.4,113.4,250.9,364.3,364.3
Anderson's Bar,Yellow Tail,A,intermittent-volatile,2,95%,1.645,56.7,138.4,113.4,322.0,435.4,435.4
Anderson's Bar,Yellow Tail,A,intermittent-volatile,2,99%,2.326,56.7,138.4,113.4,455.3,568.7,568.7
Anderson's Bar,Yellow Tail,A,intermittent-volatile,3,90%,1.282,56.7,138.4,170.1,307.3,477.4,477.4
Anderson's Bar,Yellow Tail,A,intermittent-volatile,3,95%,1.645,56.7,138.4,170.1,394.3,564.4,564.4
Anderson's Bar,Yellow Tail,A,intermittent-volatile,3,99%,2.326,56.7,138.4,170.1,557.6,727.7,727.7
Anderson's Bar,Yellow Tail,A,intermittent-volatile,5,90%,1.282,56.7,138.4,283.5,396.7,680.2,680.2
Anderson's Bar,Yellow Tail,A,intermittent-volatile,5,95%,1.645,56.7,138.4,283.5,509.1,792.6,792.6
Anderson's Bar,Yellow Tail,A,intermittent-volatile,5,99%,2.326,56.7,138.4,283.5,719.8,1003.3,1003.3
Brown's Bar,Absolut,A,intermittent-stable,2,90%,1.282,37.4,112.1,74.8,203.2,278.0,278.0
Brown's Bar,Absolut,A,intermittent-stable,2,95%,1.645,37.4,112.1,74.8,260.7,335.6,335.6
Brown's Bar,Absolut,A,intermittent-stable,2,99%,2.326,37.4,112.1,74.8,368.7,443.5,443.5
Brown's Bar,Absolut,A,intermittent-stable,3,90%,1.282,37.4,112.1,112.3,248.9,361.1,361.1
Brown's Bar,Absolut,A,intermittent-stable,3,95%,1.645,37.4,112.1,112.3,319.3,431.6,431.6
Brown's Bar,Absolut,A,intermittent-stable,3,99%,2.326,37.4,112.1,112.3,451.5,563.8,563.8
Brown's Bar,Absolut,A,intermittent-stable,5,90%,1.282,37.4,112.1,187.1,321.3,508.4,508.4
Brown's Bar,Absolut,A,intermittent-stable,5,95%,1.645,37.4,112.1,187.1,412.3,599.3,599.3
Brown's Bar,Absolut,A,intermittent-stable,5,99%,2.326,37.4,112.1,187.1,582.9,770.0,770.0
Brown's Bar,Bacardi,A,intermittent-stable,2,90%,1.282,68.8,154.6,137.6,280.2,417.8,417.8
Brown's Bar,Bacardi,A,intermittent-stable,2,95%,1.645,68.8,154.6,137.6,359.6,497.2,497.2
Brown's Bar,Bacardi,A,intermittent-stable,2,99%,2.326,68.8,154.6,137.6,508.4,646.0,646.0
Brown's Bar,Bacardi,A,intermittent-stable,3,90%,1.282,68.8,154.6,206.4,343.2,549.6,549.6
Brown's Bar,Bacardi,A,intermittent-stable,3,95%,1.645,68.8,154.6,206.4,440.4,646.8,646.8
Brown's Bar,Bacardi,A,intermittent-stable,3,99%,2.326,68.8,154.6,206.4,622.7,829.1,829.1
Brown's Bar,Bacardi,A,intermittent-stable,5,90%,1.282,68.8,154.6,344.0,443.1,787.0,787.0
Brown's Bar,Bacardi,A,intermittent-stable,5,95%,1.645,68.8,154.6,344.0,568.5,912.5,912.5
Brown's Bar,Bacardi,A,intermittent-stable,5,99%,2.326,68.8,154.6,344.0,803.9,1147.8,1147.8
Brown's Bar,Barefoot,A,intermittent-seasonal,2,90%,1.282,54.8,152.8,109.5,277.1,386.6,386.6
Brown's Bar,Barefoot,A,intermittent-seasonal,2,95%,1.645,54.8,152.8,109.5,355.6,465.1,465.1
Brown's Bar,Barefoot,A,intermittent-seasonal,2,99%,2.326,54.8,152.8,109.5,502.8,612.3,612.3
Brown's Bar,Barefoot,A,intermittent-seasonal,3,90%,1.282,54.8,152.8,164.3,339.4,503.7,503.7
Brown's Bar,Barefoot,A,intermittent-seasonal,3,95%,1.645,54.8,152.8,164.3,435.5,599.8,599.8
Brown's Bar,Barefoot,A,intermittent-seasonal,3,99%,2.326,54.8,152.8,164.3,615.8,780.1,780.1
Brown's Bar,Barefoot,A,intermittent-seasonal,5,90%,1.282,54.8,152.8,273.8,438.2,712.0,712.0
Brown's Bar,Barefoot,A,intermittent-seasonal,5,95%,1.645,54.8,152.8,273.8,562.2,836.0,836.0
Brown's Bar,Barefoot,A,intermittent-seasonal,5,99%,2.326,54.8,152.8,273.8,795.0,1068.8,1068.8
Brown's Bar,Budweiser,B,intermittent-stable,2,90%,1.282,34.5,128.5,68.9,232.9,301.9,301.9
Brown's Bar,Budweiser,B,intermittent-stable,2,95%,1.645,34.5,128.5,68.9,298.9,367.8,367.8
Brown's Bar,Budweiser,B,intermittent-stable,2,99%,2.326,34.5,128.5,68.9,422.6,491.6,491.6
Brown's Bar,Budweiser,B,intermittent-stable,3,90%,1.282,34.5,128.5,103.4,285.3,388.7,388.7
Brown's Bar,Budweiser,B,intermittent-stable,3,95%,1.645,34.5,128.5,103.4,366.1,469.5,469.5
Brown's Bar,Budweiser,B,intermittent-stable,3,99%,2.326,34.5,128.5,103.4,517.6,621.0,621.0
Brown's Bar,Budweiser,B,intermittent-stable,5,90%,1.282,34.5,128.5,172.4,368.3,540.7,540.7
Brown's Bar,Budweiser,B,intermittent-stable,5,95%,1.645,34.5,128.5,172.4,472.6,645.0,645.0
Brown's Bar,Budweiser,B,intermittent-stable,5,99%,2.326,34.5,128.5,172.4,668.2,840.6,840.6
Brown's Bar,Captain Morgan,B,intermittent-stable,2,90%,1.282,34.8,94.9,69.6,172.1,241.7,241.7
Brown's Bar,Captain Morgan,B,intermittent-stable,2,95%,1.645,34.8,94.9,69.6,220.8,290.4,290.4
Brown's Bar,Captain Morgan,B,intermittent-stable,2,99%,2.326,34.8,94.9,69.6,312.2,381.8,381.8
Brown's Bar,Captain Morgan,B,intermittent-stable,3,90%,1.282,34.8,94.9,104.4,210.8,315.1,315.1
Brown's Bar,Captain Morgan,B,intermittent-stable,3,95%,1.645,34.8,94.9,104.4,270.4,374.8,374.8
Brown's Bar,Captain Morgan,B,intermittent-stable,3,99%,2.326,34.8,94.9,104.4,382.4,486.7,486.7
Brown's Bar,Captain Morgan,B,intermittent-stable,5,90%,1.282,34.8,94.9,173.9,272.1,446.0,446.0
Brown's Bar,Captain Morgan,B,intermittent-stable,5,95%,1.645,34.8,94.9,173.9,349.1,523.1,523.1
Brown's Bar,Captain Morgan,B,intermittent-stable,5,99%,2.326,34.8,94.9,173.9,493.6,667.6,667.6
Brown's Bar,Coors,B,intermittent-seasonal,2,90%,1.282,69.5,202.4,139.0,367.0,505.9,505.9
Brown's Bar,Coors,B,intermittent-seasonal,2,95%,1.645,69.5,202.4,139.0,470.9,609.8,609.8
Brown's Bar,Coors,B,intermittent-seasonal,2,99%,2.326,69.5,202.4,139.0,665.8,804.8,804.8
Brown's Bar,Coors,B,intermittent-seasonal,3,90%,1.282,69.5,202.4,208.4,449.4,657.9,657.9
Brown's Bar,Coors,B,intermittent-seasonal,3,95%,1.645,69.5,202.4,208.4,576.7,785.1,785.1
Brown's Bar,Coors,B,intermittent-seasonal,3,99%,2.326,69.5,202.4,208.4,815.4,1023.9,1023.9
Brown's Bar,Coors,B,intermittent-seasonal,5,90%,1.282,69.5,202.4,347.4,580.2,927.6,927.6
Brown's Bar,Coors,B,intermittent-seasonal,5,95%,1.645,69.5,202.4,347.4,744.5,1091.9,1091.9
Brown's Bar,Coors,B,intermittent-seasonal,5,99%,2.326,69.5,202.4,347.4,1052.7,1400.1,1400.1
Brown's Bar,Grey Goose,A,intermittent-volatile,2,90%,1.282,94.3,216.3,188.7,392.1,580.8,580.8
Brown's Bar,Grey Goose,A,intermittent-volatile,2,95%,1.645,94.3,216.3,188.7,503.1,691.8,691.8
Brown's Bar,Grey Goose,A,intermittent-volatile,2,99%,2.326,94.3,216.3,188.7,711.4,900.1,900.1
Brown's Bar,Grey Goose,A,intermittent-volatile,3,90%,1.282,94.3,216.3,283.0,480.2,763.2,763.2
Brown's Bar,Grey Goose,A,intermittent-volatile,3,95%,1.645,94.3,216.3,283.0,616.2,899.2,899.2
Brown's Bar,Grey Goose,A,intermittent-volatile,3,99%,2.326,94.3,216.3,283.0,871.3,1154.3,1154.3
Brown's Bar,Grey Goose,A,intermittent-volatile,5,90%,1.282,94.3,216.3,471.6,620.0,1091.6,1091.6
Brown's Bar,Grey Goose,A,intermittent-volatile,5,95%,1.645,94.3,216.3,471.6,795.5,1267.1,1267.1
Brown's Bar,Grey Goose,A,intermittent-volatile,5,99%,2.326,94.3,216.3,471.6,1124.8,1596.5,1596.5
Brown's Bar,Heineken,A,intermittent-stable,2,90%,1.282,37.7,132.9,75.4,240.9,316.2,316.2
Brown's Bar,Heineken,A,intermittent-stable,2,95%,1.645,37.7,132.9,75.4,309.1,384.5,384.5
Brown's Bar,Heineken,A,intermittent-stable,2,99%,2.326,37.7,132.9,75.4,437.0,512.4,512.4
Brown's Bar,Heineken,A,intermittent-stable,3,90%,1.282,37.7,132.9,113.1,295.0,408.1,408.1
Brown's Bar,Heineken,A,intermittent-stable,3,95%,1.645,37.7,132.9,113.1,378.5,491.6,491.6
Brown's Bar,Heineken,A,intermittent-stable,3,99%,2.326,37.7,132.9,113.1,535.3,648.3,648.3
Brown's Bar,Heineken,A,intermittent-stable,5,90%,1.282,37.7,132.9,188.4,380.9,569.3,569.3
Brown's Bar,Heineken,A,intermittent-stable,5,95%,1.645,37.7,132.9,188.4,488.7,677.1,677.1
Brown's Bar,Heineken,A,intermittent-stable,5,99%,2.326,37.7,132.9,188.4,691.0,879.4,879.4
Brown's Bar,Jack Daniels,A,intermittent-stable,2,90%,1.282,17.7,98.1,35.4,177.8,213.2,213.2
Brown's Bar,Jack Daniels,A,intermittent-stable,2,95%,1.645,17.7,98.1,35.4,228.1,263.6,263.6
Brown's Bar,Jack Daniels,A,intermittent-stable,2,99%,2.326,17.7,98.1,35.4,322.6,358.0,358.0
Brown's Bar,Jack Daniels,A,intermittent-stable,3,90%,1.282,17.7,98.1,53.2,217.7,270.9,270.9
Brown's Bar,Jack Daniels,A,intermittent-stable,3,95%,1.645,17.7,98.1,53.2,279.4,332.6,332.6
Brown's Bar,Jack Daniels,A,intermittent-stable,3,99%,2.326,17.7,98.1,53.2,395.1,448.2,448.2
Brown's Bar,Jack Daniels,A,intermittent-stable,5,90%,1.282,17.7,98.1,88.6,281.1,369.7,369.7
Brown's Bar,Jack Daniels,A,intermittent-stable,5,95%,1.645,17.7,98.1,88.6,360.7,449.3,449.3
Brown's Bar,Jack Daniels,A,intermittent-stable,5,99%,2.326,17.7,98.1,88.6,510.0,598.6,598.6
Brown's Bar,Jameson,A,intermittent-volatile,2,90%,1.282,88.3,203.4,176.7,368.7,545.3,545.3
Brown's Bar,Jameson,A,intermittent-volatile,2,95%,1.645,88.3,203.4,176.7,473.1,649.7,649.7
Brown's Bar,Jameson,A,intermittent-volatile,2,99%,2.326,88.3,203.4,176.7,668.9,845.6,845.6
Brown's Bar,Jameson,A,intermittent-volatile,3,90%,1.282,88.3,203.4,265.0,451.5,716.5,716.5
Brown's Bar,Jameson,A,intermittent-volatile,3,95%,1.645,88.3,203.4,265.0,579.4,844.4,844.4
Brown's Bar,Jameson,A,intermittent-volatile,3,99%,2.326,88.3,203.4,265.0,819.3,1084.3,1084.3
Brown's Bar,Jameson,A,intermittent-volatile,5,90%,1.282,88.3,203.4,441.6,582.9,1024.6,1024.6
Brown's Bar,Jameson,A,intermittent-volatile,5,95%,1.645,88.3,203.4,441.6,748.0,1189.6,1189.6
Brown's Bar,Jameson,A,intermittent-volatile,5,99%,2.326,88.3,203.4,441.6,1057.7,1499.3,1499.3
Brown's Bar,Jim Beam,A,intermittent-stable,2,90%,1.282,77.9,187.2,155.8,339.3,495.2,495.2
Brown's Bar,Jim Beam,A,intermittent-stable,2,95%,1.645,77.9,187.2,155.8,435.4,591.3,591.3
Brown's Bar,Jim Beam,A,intermittent-stable,2,99%,2.326,77.9,187.2,155.8,615.7,771.5,771.5
Brown's Bar,Jim Beam,A,intermittent-stable,3,90%,1.282,77.9,187.2,233.8,415.6,649.4,649.4
Brown's Bar,Jim Beam,A,intermittent-stable,3,95%,1.645,77.9,187.2,233.8,533.3,767.0,767.0
Brown's Bar,Jim Beam,A,intermittent-stable,3,99%,2.326,77.9,187.2,233.8,754.0,987.8,987.8
Brown's Bar,Jim Beam,A,intermittent-stable,5,90%,1.282,77.9,187.2,389.6,536.5,926.1,926.1
Brown's Bar,Jim Beam,A,intermittent-stable,5,95%,1.645,77.9,187.2,389.6,688.5,1078.1,1078.1
Brown's Bar,Jim Beam,A,intermittent-stable,5,99%,2.326,77.9,187.2,389.6,973.5,1363.1,1363.1
Brown's Bar,Malibu,A,intermittent-volatile,2,90%,1.282,67.2,166.9,134.4,302.5,437.0,437.0
Brown's Bar,Malibu,A,intermittent-volatile,2,95%,1.645,67.2,166.9,134.4,388.2,522.6,522.6
Brown's Bar,Malibu,A,intermittent-volatile,2,99%,2.326,67.2,166.9,134.4,548.9,683.3,683.3
Brown's Bar,Malibu,A,intermittent-volatile,3,90%,1.282,67.2,166.9,201.7,370.5,572.2,572.2
Brown's Bar,Malibu,A,intermittent-volatile,3,95%,1.645,67.2,166.9,201.7,475.4,677.1,677.1
Brown's Bar,Malibu,A,intermittent-volatile,3,99%,2.326,67.2,166.9,201.7,672.2,873.9,873.9
Brown's Bar,Malibu,A,intermittent-volatile,5,90%,1.282,67.2,166.9,336.1,478.3,814.4,814.4
Brown's Bar,Malibu,A,intermittent-volatile,5,95%,1.645,67.2,166.9,336.1,613.8,949.8,949.8
Brown's Bar,Malibu,A,intermittent-volatile,5,99%,2.326,67.2,166.9,336.1,867.8,1203.9,1203.9
Brown's Bar,Miller,B,intermittent-seasonal,2,90%,1.282,27.6,85.0,55.1,154.2,209.3,209.3
Brown's Bar,Miller,B,intermittent-seasonal,2,95%,1.645,27.6,85.0,55.1,197.8,253.0,253.0
Brown's Bar,Miller,B,intermittent-seasonal,2,99%,2.326,27.6,85.0,55.1,279.8,334.9,334.9
Brown's Bar,Miller,B,intermittent-seasonal,3,90%,1.282,27.6,85.0,82.7,188.8,271.5,271.5
Brown's Bar,Miller,B,intermittent-seasonal,3,95%,1.645,27.6,85.0,82.7,242.3,325.0,325.0
Brown's Bar,Miller,B,intermittent-seasonal,3,99%,2.326,27.6,85.0,82.7,342.6,425.3,425.3
Brown's Bar,Miller,B,intermittent-seasonal,5,90%,1.282,27.6,85.0,137.8,243.8,381.6,381.6
Brown's Bar,Miller,B,intermittent-seasonal,5,95%,1.645,27.6,85.0,137.8,312.8,450.6,450.6
Brown's Bar,Miller,B,intermittent-seasonal,5,99%,2.326,27.6,85.0,137.8,442.3,580.1,580.1
Brown's Bar,Smirnoff,B,intermittent-seasonal,2,90%,1.282,68.1,162.4,136.2,294.5,430.7,430.7
Brown's Bar,Smirnoff,B,intermittent-seasonal,2,95%,1.645,68.1,162.4,136.2,377.9,514.1,514.1
Brown's Bar,Smirnoff,B,intermittent-seasonal,2,99%,2.326,68.1,162.4,136.2,534.4,670.5,670.5
Brown's Bar,Smirnoff,B,intermittent-seasonal,3,90%,1.282,68.1,162.4,204.3,360.7,565.0,565.0
Brown's Bar,Smirnoff,B,intermittent-seasonal,3,95%,1.645,68.1,162.4,204.3,462.8,667.1,667.1
Brown's Bar,Smirnoff,B,intermittent-seasonal,3,99%,2.326,68.1,162.4,204.3,654.5,858.7,858.7
Brown's Bar,Smirnoff,B,intermittent-seasonal,5,90%,1.282,68.1,162.4,340.5,465.7,806.1,806.1
Brown's Bar,Smirnoff,B,intermittent-seasonal,5,95%,1.645,68.1,162.4,340.5,597.5,938.0,938.0
Brown's Bar,Smirnoff,B,intermittent-seasonal,5,99%,2.326,68.1,162.4,340.5,844.9,1185.4,1185.4
Brown's Bar,Sutter Home,A,intermittent-volatile,2,90%,1.282,48.5,123.9,96.9,224.7,321.7,321.7
Brown's Bar,Sutter Home,A,intermittent-volatile,2,95%,1.645,48.5,123.9,96.9,288.3,385.3,385.3
Brown's Bar,Sutter Home,A,intermittent-volatile,2,99%,2.326,48.5,123.9,96.9,407.7,504.7,504.7
Brown's Bar,Sutter Home,A,intermittent-volatile,3,90%,1.282,48.5,123.9,145.4,275.2,420.6,420.6
Brown's Bar,Sutter Home,A,intermittent-volatile,3,95%,1.645,48.5,123.9,145.4,353.1,498.6,498.6
Brown's Bar,Sutter Home,A,intermittent-volatile,3,99%,2.326,48.5,123.9,145.4,499.3,644.8,644.8
Brown's Bar,Sutter Home,A,intermittent-volatile,5,90%,1.282,48.5,123.9,242.4,355.3,597.7,597.7
Brown's Bar,Sutter Home,A,intermittent-volatile,5,95%,1.645,48.5,123.9,242.4,455.9,698.3,698.3
Brown's Bar,Sutter Home,A,intermittent-volatile,5,99%,2.326,48.5,123.9,242.4,644.7,887.0,887.0
Brown's Bar,Yellow Tail,A,intermittent-volatile,2,90%,1.282,79.0,207.7,157.9,376.5,534.4,534.4
Brown's Bar,Yellow Tail,A,intermittent-volatile,2,95%,1.645,79.0,207.7,157.9,483.1,641.0,641.0
Brown's Bar,Yellow Tail,A,intermittent-volatile,2,99%,2.326,79.0,207.7,157.9,683.1,841.0,841.0
Brown's Bar,Yellow Tail,A,intermittent-volatile,3,90%,1.282,79.0,207.7,236.9,461.1,698.0,698.0
Brown's Bar,Yellow Tail,A,intermittent-volatile,3,95%,1.645,79.0,207.7,236.9,591.7,828.6,828.6
Brown's Bar,Yellow Tail,A,intermittent-volatile,3,99%,2.326,79.0,207.7,236.9,836.6,1073.5,1073.5
Brown's Bar,Yellow Tail,A,intermittent-volatile,5,90%,1.282,79.0,207.7,394.8,595.3,990.1,990.1
Brown's Bar,Yellow Tail,A,intermittent-volatile,5,95%,1.645,79.0,207.7,394.8,763.9,1158.6,1158.6
Brown's Bar,Yellow Tail,A,intermittent-volatile,5,99%,2.326,79.0,207.7,394.8,1080.1,1474.9,1474.9
Johnson's Bar,Absolut,A,intermittent-seasonal,2,90%,1.282,63.4,155.5,126.8,281.8,408.6,408.6
Johnson's Bar,Absolut,A,intermittent-seasonal,2,95%,1.645,63.4,155.5,126.8,361.7,488.4,488.4
Johnson's Bar,Absolut,A,intermittent-seasonal,2,99%,2.326,63.4,155.5,126.8,511.4,638.2,638.2
Johnson's Bar,Absolut,A,intermittent-seasonal,3,90%,1.282,63.4,155.5,190.2,345.2,535.4,535.4
Johnson's Bar,Absolut,A,intermittent-seasonal,3,95%,1.645,63.4,155.5,190.2,442.9,633.1,633.1
Johnson's Bar,Absolut,A,intermittent-seasonal,3,99%,2.326,63.4,155.5,190.2,626.3,816.5,816.5
Johnson's Bar,Absolut,A,intermittent-seasonal,5,90%,1.282,63.4,155.5,317.0,445.6,762.6,762.6
Johnson's Bar,Absolut,A,intermittent-seasonal,5,95%,1.645,63.4,155.5,317.0,571.8,888.8,888.8
Johnson's Bar,Absolut,A,intermittent-seasonal,5,99%,2.326,63.4,155.5,317.0,808.5,1125.5,1125.5
Johnson's Bar,Bacardi,A,intermittent-stable,2,90%,1.282,64.0,163.8,128.1,296.9,425.0,425.0
Johnson's Bar,Bacardi,A,intermittent-stable,2,95%,1.645,64.0,163.8,128.1,381.0,509.1,509.1
Johnson's Bar,Bacardi,A,intermittent-stable,2,99%,2.326,64.0,163.8,128.1,538.7,666.8,666.8
Johnson's Bar,Bacardi,A,intermittent-stable,3,90%,1.282,64.0,163.8,192.1,363.7,555.8,555.8
Johnson's Bar,Bacardi,A,intermittent-stable,3,95%,1.645,64.0,163.8,192.1,466.6,658.8,658.8
Johnson's Bar,Bacardi,A,intermittent-stable,3,99%,2.326,64.0,163.8,192.1,659.8,852.0,852.0
Johnson's Bar,Bacardi,A,intermittent-stable,5,90%,1.282,64.0,163.8,320.2,469.5,789.7,789.7
Johnson's Bar,Bacardi,A,intermittent-stable,5,95%,1.645,64.0,163.8,320.2,602.4,922.7,922.7
Johnson's Bar,Bacardi,A,intermittent-stable,5,99%,2.326,64.0,163.8,320.2,851.8,1172.0,1172.0
Johnson's Bar,Barefoot,A,intermittent-seasonal,2,90%,1.282,26.7,99.9,53.4,181.2,234.5,234.5
Johnson's Bar,Barefoot,A,intermittent-seasonal,2,95%,1.645,26.7,99.9,53.4,232.5,285.8,285.8
Johnson's Bar,Barefoot,A,intermittent-seasonal,2,99%,2.326,26.7,99.9,53.4,328.7,382.1,382.1
Johnson's Bar,Barefoot,A,intermittent-seasonal,3,90%,1.282,26.7,99.9,80.0,221.9,301.9,301.9
Johnson's Bar,Barefoot,A,intermittent-seasonal,3,95%,1.645,26.7,99.9,80.0,284.7,364.7,364.7
Johnson's Bar,Barefoot,A,intermittent-seasonal,3,99%,2.326,26.7,99.9,80.0,402.6,482.6,482.6
Johnson's Bar,Barefoot,A,intermittent-seasonal,5,90%,1.282,26.7,99.9,133.4,286.4,419.8,419.8
Johnson's Bar,Barefoot,A,intermittent-seasonal,5,95%,1.645,26.7,99.9,133.4,367.6,500.9,500.9
Johnson's Bar,Barefoot,A,intermittent-seasonal,5,99%,2.326,26.7,99.9,133.4,519.7,653.1,653.1
Johnson's Bar,Budweiser,A,intermittent-seasonal,2,90%,1.282,39.6,134.4,79.1,243.7,322.8,322.8
Johnson's Bar,Budweiser,A,intermittent-seasonal,2,95%,1.645,39.6,134.4,79.1,312.7,391.8,391.8
Johnson's Bar,Budweiser,A,intermittent-seasonal,2,99%,2.326,39.6,134.4,79.1,442.1,521.2,521.2
Johnson's Bar,Budweiser,A,intermittent-seasonal,3,90%,1.282,39.6,134.4,118.7,298.4,417.1,417.1
Johnson's Bar,Budweiser,A,intermittent-seasonal,3,95%,1.645,39.6,134.4,118.7,382.9,501.6,501.6
Johnson's Bar,Budweiser,A,intermittent-seasonal,3,99%,2.326,39.6,134.4,118.7,541.5,660.2,660.2
Johnson's Bar,Budweiser,A,intermittent-seasonal,5,90%,1.282,39.6,134.4,197.8,385.3,583.1,583.1
Johnson's Bar,Budweiser,A,intermittent-seasonal,5,95%,1.645,39.6,134.4,197.8,494.4,692.2,692.2
Johnson's Bar,Budweiser,A,intermittent-seasonal,5,99%,2.326,39.6,134.4,197.8,699.0,896.9,896.9
Johnson's Bar,Captain Morgan,A,intermittent-stable,2,90%,1.282,67.9,151.7,135.7,275.1,410.8,410.8
Johnson's Bar,Captain Morgan,A,intermittent-stable,2,95%,1.645,67.9,151.7,135.7,352.9,488.7,488.7
Johnson's Bar,Captain Morgan,A,intermittent-stable,2,99%,2.326,67.9,151.7,135.7,499.1,634.8,634.8
Johnson's Bar,Captain Morgan,A,intermittent-stable,3,90%,1.282,67.9,151.7,203.6,336.9,540.5,540.5
Johnson's Bar,Captain Morgan,A,intermittent-stable,3,95%,1.645,67.9,151.7,203.6,432.3,635.9,635.9
Johnson's Bar,Captain Morgan,A,intermittent-stable,3,99%,2.326,67.9,151.7,203.6,611.2,814.8,814.8
Johnson's Bar,Captain Morgan,A,intermittent-stable,5,90%,1.282,67.9,151.7,339.4,434.9,774.3,774.3
Johnson's Bar,Captain Morgan,A,intermittent-stable,5,95%,1.645,67.9,151.7,339.4,558.0,897.4,897.4
Johnson's Bar,Captain Morgan,A,intermittent-stable,5,99%,2.326,67.9,151.7,339.4,789.1,1128.4,1128.4
Johnson's Bar,Coors,A,intermittent-volatile,2,90%,1.282,54.9,148.6,109.8,269.4,379.2,379.2
Johnson's Bar,Coors,A,intermittent-volatile,2,95%,1.645,54.9,148.6,109.8,345.6,455.4,455.4
Johnson's Bar,Coors,A,intermittent-volatile,2,99%,2.326,54.9,148.6,109.8,488.7,598.5,598.5
Johnson's Bar,Coors,A,intermittent-volatile,3,90%,1.282,54.9,148.6,164.7,329.9,494.6,494.6
Johnson's Bar,Coors,A,intermittent-volatile,3,95%,1.645,54.9,148.6,164.7,423.3,588.0,588.0
Johnson's Bar,Coors,A,intermittent-volatile,3,99%,2.326,54.9,148.6,164.7,598.6,763.3,763.3
Johnson's Bar,Coors,A,intermittent-volatile,5,90%,1.282,54.9,148.6,274.5,425.9,700.4,700.4
Johnson's Bar,Coors,A,intermittent-volatile,5,95%,1.645,54.9,148.6,274.5,546.5,821.0,821.0
Johnson's Bar,Coors,A,intermittent-volatile,5,99%,2.326,54.9,148.6,274.5,772.7,1047.2,1047.2
Johnson's Bar,Grey Goose,A,intermittent-volatile,2,90%,1.282,71.1,196.9,142.2,356.9,499.1,499.1
Johnson's Bar,Grey Goose,A,intermittent-volatile,2,95%,1.645,71.1,196.9,142.2,458.0,600.1,600.1
Johnson's Bar,Grey Goose,A,intermittent-volatile,2,99%,2.326,71.1,196.9,142.2,647.5,789.7,789.7
Johnson's Bar,Grey Goose,A,intermittent-volatile,3,90%,1.282,71.1,196.9,213.3,437.1,650.4,650.4
Johnson's Bar,Grey Goose,A,intermittent-volatile,3,95%,1.645,71.1,196.9,213.3,560.9,774.2,774.2
Johnson's Bar,Grey Goose,A,intermittent-volatile,3,99%,2.326,71.1,196.9,213.3,793.1,1006.4,1006.4
Johnson's Bar,Grey Goose,A,intermittent-volatile,5,90%,1.282,71.1,196.9,355.5,564.3,919.8,919.8
Johnson's Bar,Grey Goose,A,intermittent-volatile,5,95%,1.645,71.1,196.9,355.5,724.1,1079.6,1079.6
Johnson's Bar,Grey Goose,A,intermittent-volatile,5,99%,2.326,71.1,196.9,355.5,1023.9,1379.3,1379.3
Johnson's Bar,Heineken,A,intermittent-volatile,2,90%,1.282,74.7,174.4,149.5,316.1,465.6,465.6
Johnson's Bar,Heineken,A,intermittent-volatile,2,95%,1.645,74.7,174.4,149.5,405.6,555.1,555.1
Johnson's Bar,Heineken,A,intermittent-volatile,2,99%,2.326,74.7,174.4,149.5,573.5,723.0,723.0
Johnson's Bar,Heineken,A,intermittent-volatile,3,90%,1.282,74.7,174.4,224.2,387.2,611.4,611.4
Johnson's Bar,Heineken,A,intermittent-volatile,3,95%,1.645,74.7,174.4,224.2,496.8,721.0,721.0
Johnson's Bar,Heineken,A,intermittent-volatile,3,99%,2.326,74.7,174.4,224.2,702.5,926.6,926.6
Johnson's Bar,Heineken,A,intermittent-volatile,5,90%,1.282,74.7,174.4,373.7,499.8,873.5,873.5
Johnson's Bar,Heineken,A,intermittent-volatile,5,95%,1.645,74.7,174.4,373.7,641.4,1015.0,1015.0
Johnson's Bar,Heineken,A,intermittent-volatile,5,99%,2.326,74.7,174.4,373.7,906.9,1280.5,1280.5
Johnson's Bar,Jack Daniels,A,intermittent-volatile,2,90%,1.282,51.5,154.6,102.9,280.2,383.2,383.2
Johnson's Bar,Jack Daniels,A,intermittent-volatile,2,95%,1.645,51.5,154.6,102.9,359.6,462.5,462.5
Johnson's Bar,Jack Daniels,A,intermittent-volatile,2,99%,2.326,51.5,154.6,102.9,508.5,611.4,611.4
Johnson's Bar,Jack Daniels,A,intermittent-volatile,3,90%,1.282,51.5,154.6,154.4,343.2,497.6,497.6
Johnson's Bar,Jack Daniels,A,intermittent-volatile,3,95%,1.645,51.5,154.6,154.4,440.4,594.8,594.8
Johnson's Bar,Jack Daniels,A,intermittent-volatile,3,99%,2.326,51.5,154.6,154.4,622.7,777.1,777.1
Johnson's Bar,Jack Daniels,A,intermittent-volatile,5,90%,1.282,51.5,154.6,257.3,443.1,700.4,700.4
Johnson's Bar,Jack Daniels,A,intermittent-volatile,5,95%,1.645,51.5,154.6,257.3,568.6,825.9,825.9
Johnson's Bar,Jack Daniels,A,intermittent-volatile,5,99%,2.326,51.5,154.6,257.3,803.9,1061.2,1061.2
Johnson's Bar,Jameson,B,intermittent-volatile,2,90%,1.282,45.8,128.9,91.6,233.6,325.3,325.3
Johnson's Bar,Jameson,B,intermittent-volatile,2,95%,1.645,45.8,128.9,91.6,299.8,391.4,391.4
Johnson's Bar,Jameson,B,intermittent-volatile,2,99%,2.326,45.8,128.9,91.6,423.9,515.5,515.5
Johnson's Bar,Jameson,B,intermittent-volatile,3,90%,1.282,45.8,128.9,137.4,286.1,423.6,423.6
Johnson's Bar,Jameson,B,intermittent-volatile,3,95%,1.645,45.8,128.9,137.4,367.2,504.6,504.6
Johnson's Bar,Jameson,B,intermittent-volatile,3,99%,2.326,45.8,128.9,137.4,519.2,656.6,656.6
Johnson's Bar,Jameson,B,intermittent-volatile,5,90%,1.282,45.8,128.9,229.1,369.4,598.5,598.5
Johnson's Bar,Jameson,B,intermittent-volatile,5,95%,1.645,45.8,128.9,229.1,474.0,703.1,703.1
Johnson's Bar,Jameson,B,intermittent-volatile,5,99%,2.326,45.8,128.9,229.1,670.2,899.3,899.3
Johnson's Bar,Jim Beam,B,intermittent-stable,2,90%,1.282,77.6,161.8,155.3,293.4,448.7,448.7
Johnson's Bar,Jim Beam,B,intermittent-stable,2,95%,1.645,77.6,161.8,155.3,376.4,531.7,531.7
Johnson's Bar,Jim Beam,B,intermittent-stable,2,99%,2.326,77.6,161.8,155.3,532.3,687.6,687.6
Johnson's Bar,Jim Beam,B,intermittent-stable,3,90%,1.282,77.6,161.8,232.9,359.3,592.2,592.2
Johnson's Bar,Jim Beam,B,intermittent-stable,3,95%,1.645,77.6,161.8,232.9,461.0,694.0,694.0
Johnson's Bar,Jim Beam,B,intermittent-stable,3,99%,2.326,77.6,161.8,232.9,651.9,884.9,884.9
Johnson's Bar,Jim Beam,B,intermittent-stable,5,90%,1.282,77.6,161.8,388.2,463.9,852.1,852.1
Johnson's Bar,Jim Beam,B,intermittent-stable,5,95%,1.645,77.6,161.8,388.2,595.2,983.4,983.4
Johnson's Bar,Jim Beam,B,intermittent-stable,5,99%,2.326,77.6,161.8,388.2,841.6,1229.8,1229.8
Johnson's Bar,Malibu,A,intermittent-seasonal,2,90%,1.282,87.9,184.3,175.9,334.1,510.0,510.0
Johnson's Bar,Malibu,A,intermittent-seasonal,2,95%,1.645,87.9,184.3,175.9,428.8,604.6,604.6
Johnson's Bar,Malibu,A,intermittent-seasonal,2,99%,2.326,87.9,184.3,175.9,606.3,782.1,782.1
Johnson's Bar,Malibu,A,intermittent-seasonal,3,90%,1.282,87.9,184.3,263.8,409.2,673.1,673.1
Johnson's Bar,Malibu,A,intermittent-seasonal,3,95%,1.645,87.9,184.3,263.8,525.1,788.9,788.9
Johnson's Bar,Malibu,A,intermittent-seasonal,3,99%,2.326,87.9,184.3,263.8,742.5,1006.3,1006.3
Johnson's Bar,Malibu,A,intermittent-seasonal,5,90%,1.282,87.9,184.3,439.7,528.3,968.0,968.0
Johnson's Bar,Malibu,A,intermittent-seasonal,5,95%,1.645,87.9,184.3,439.7,677.9,1117.6,1117.6
Johnson's Bar,Malibu,A,intermittent-seasonal,5,99%,2.326,87.9,184.3,439.7,958.6,1398.3,1398.3
Johnson's Bar,Miller,B,intermittent-volatile,2,90%,1.282,62.8,156.5,125.6,283.8,409.4,409.4
Johnson's Bar,Miller,B,intermittent-volatile,2,95%,1.645,62.8,156.5,125.6,364.1,489.7,489.7
Johnson's Bar,Miller,B,intermittent-volatile,2,99%,2.326,62.8,156.5,125.6,514.9,640.5,640.5
Johnson's Bar,Miller,B,intermittent-volatile,3,90%,1.282,62.8,156.5,188.3,347.6,535.9,535.9
Johnson's Bar,Miller,B,intermittent-volatile,3,95%,1.645,62.8,156.5,188.3,446.0,634.3,634.3
Johnson's Bar,Miller,B,intermittent-volatile,3,99%,2.326,62.8,156.5,188.3,630.6,819.0,819.0
Johnson's Bar,Miller,B,intermittent-volatile,5,90%,1.282,62.8,156.5,313.9,448.7,762.6,762.6
Johnson's Bar,Miller,B,intermittent-volatile,5,95%,1.645,62.8,156.5,313.9,575.8,889.7,889.7
Johnson's Bar,Miller,B,intermittent-volatile,5,99%,2.326,62.8,156.5,313.9,814.1,1128.0,1128.0
Johnson's Bar,Smirnoff,A,intermittent-stable,2,90%,1.282,42.8,128.7,85.6,233.3,318.9,318.9
Johnson's Bar,Smirnoff,A,intermittent-stable,2,95%,1.645,42.8,128.7,85.6,299.3,384.9,384.9
Johnson's Bar,Smirnoff,A,intermittent-stable,2,99%,2.326,42.8,128.7,85.6,423.2,508.8,508.8
Johnson's Bar,Smirnoff,A,intermittent-stable,3,90%,1.282,42.8,128.7,128.4,285.7,414.1,414.1
Johnson's Bar,Smirnoff,A,intermittent-stable,3,95%,1.645,42.8,128.7,128.4,366.6,495.0,495.0
Johnson's Bar,Smirnoff,A,intermittent-stable,3,99%,2.326,42.8,128.7,128.4,518.4,646.7,646.7
Johnson's Bar,Smirnoff,A,intermittent-stable,5,90%,1.282,42.8,128.7,214.0,368.8,582.8,582.8
Johnson's Bar,Smirnoff,A,intermittent-stable,5,95%,1.645,42.8,128.7,214.0,473.3,687.3,687.3
Johnson's Bar,Smirnoff,A,intermittent-stable,5,99%,2.326,42.8,128.7,214.0,669.2,883.2,883.2
Johnson's Bar,Sutter Home,A,intermittent-stable,2,90%,1.282,56.2,159.0,112.4,288.2,400.6,400.6
Johnson's Bar,Sutter Home,A,intermittent-stable,2,95%,1.645,56.2,159.0,112.4,369.8,482.3,482.3
Johnson's Bar,Sutter Home,A,intermittent-stable,2,99%,2.326,56.2,159.0,112.4,523.0,635.4,635.4
Johnson's Bar,Sutter Home,A,intermittent-stable,3,90%,1.282,56.2,159.0,168.6,353.0,521.6,521.6
Johnson's Bar,Sutter Home,A,intermittent-stable,3,95%,1.645,56.2,159.0,168.6,453.0,621.6,621.6
Johnson's Bar,Sutter Home,A,intermittent-stable,3,99%,2.326,56.2,159.0,168.6,640.5,809.1,809.1
Johnson's Bar,Sutter Home,A,intermittent-stable,5,90%,1.282,56.2,159.0,281.0,455.7,736.7,736.7
Johnson's Bar,Sutter Home,A,intermittent-stable,5,95%,1.645,56.2,159.0,281.0,584.8,865.8,865.8
Johnson's Bar,Sutter Home,A,intermittent-stable,5,99%,2.326,56.2,159.0,281.0,826.9,1107.9,1107.9
Johnson's Bar,Yellow Tail,A,intermittent-volatile,2,90%,1.282,83.2,162.9,166.4,295.3,461.8,461.8
Johnson's Bar,Yellow Tail,A,intermittent-volatile,2,95%,1.645,83.2,162.9,166.4,379.0,545.4,545.4
Johnson's Bar,Yellow Tail,A,intermittent-volatile,2,99%,2.326,83.2,162.9,166.4,535.9,702.3,702.3
Johnson's Bar,Yellow Tail,A,intermittent-volatile,3,90%,1.282,83.2,162.9,249.7,361.7,611.4,611.4
Johnson's Bar,Yellow Tail,A,intermittent-volatile,3,95%,1.645,83.2,162.9,249.7,464.1,713.8,713.8
Johnson's Bar,Yellow Tail,A,intermittent-volatile,3,99%,2.326,83.2,162.9,249.7,656.3,906.0,906.0
Johnson's Bar,Yellow Tail,A,intermittent-volatile,5,90%,1.282,83.2,162.9,416.1,467.0,883.1,883.1
Johnson's Bar,Yellow Tail,A,intermittent-volatile,5,95%,1.645,83.2,162.9,416.1,599.2,1015.3,1015.3
Johnson's Bar,Yellow Tail,A,intermittent-volatile,5,99%,2.326,83.2,162.9,416.1,847.3,1263.4,1263.4
Smith's Bar,Absolut,A,intermittent-volatile,2,90%,1.282,66.7,142.9,133.4,259.1,392.5,392.5
Smith's Bar,Absolut,A,intermittent-volatile,2,95%,1.645,66.7,142.9,133.4,332.5,465.9,465.9
Smith's Bar,Absolut,A,intermittent-volatile,2,99%,2.326,66.7,142.9,133.4,470.1,603.5,603.5
Smith's Bar,Absolut,A,intermittent-volatile,3,90%,1.282,66.7,142.9,200.1,317.3,517.4,517.4
Smith's Bar,Absolut,A,intermittent-volatile,3,95%,1.645,66.7,142.9,200.1,407.2,607.3,607.3
Smith's Bar,Absolut,A,intermittent-volatile,3,99%,2.326,66.7,142.9,200.1,575.7,775.8,775.8
Smith's Bar,Absolut,A,intermittent-volatile,5,90%,1.282,66.7,142.9,333.5,409.7,743.2,743.2
Smith's Bar,Absolut,A,intermittent-volatile,5,95%,1.645,66.7,142.9,333.5,525.7,859.2,859.2
Smith's Bar,Absolut,A,intermittent-volatile,5,99%,2.326,66.7,142.9,333.5,743.3,1076.8,1076.8
Smith's Bar,Bacardi,A,intermittent-stable,2,90%,1.282,70.1,153.0,140.3,277.4,417.6,417.6
Smith's Bar,Bacardi,A,intermittent-stable,2,95%,1.645,70.1,153.0,140.3,355.9,496.1,496.1
Smith's Bar,Bacardi,A,intermittent-stable,2,99%,2.326,70.1,153.0,140.3,503.2,643.5,643.5
Smith's Bar,Bacardi,A,intermittent-stable,3,90%,1.282,70.1,153.0,210.4,339.7,550.1,550.1
Smith's Bar,Bacardi,A,intermittent-stable,3,95%,1.645,70.1,153.0,210.4,435.9,646.3,646.3
Smith's Bar,Bacardi,A,intermittent-stable,3,99%,2.326,70.1,153.0,210.4,616.3,826.7,826.7
Smith's Bar,Bacardi,A,intermittent-stable,5,90%,1.282,70.1,153.0,350.7,438.5,789.2,789.2
Smith's Bar,Bacardi,A,intermittent-stable,5,95%,1.645,70.1,153.0,350.7,562.7,913.4,913.4
Smith's Bar,Bacardi,A,intermittent-stable,5,99%,2.326,70.1,153.0,350.7,795.7,1146.3,1146.3
Smith's Bar,Barefoot,A,intermittent-stable,2,90%,1.282,58.1,160.8,116.1,291.5,407.6,407.6
Smith's Bar,Barefoot,A,intermittent-stable,2,95%,1.645,58.1,160.8,116.1,374.0,490.1,490.1
Smith's Bar,Barefoot,A,intermittent-stable,2,99%,2.326,58.1,160.8,116.1,528.8,645.0,645.0
Smith's Bar,Barefoot,A,intermittent-stable,3,90%,1.282,58.1,160.8,174.2,357.0,531.2,531.2
Smith's Bar,Barefoot,A,intermittent-stable,3,95%,1.645,58.1,160.8,174.2,458.1,632.2,632.2
Smith's Bar,Barefoot,A,intermittent-stable,3,99%,2.326,58.1,160.8,174.2,647.7,821.9,821.9
Smith's Bar,Barefoot,A,intermittent-stable,5,90%,1.282,58.1,160.8,290.3,460.9,751.1,751.1
Smith's Bar,Barefoot,A,intermittent-stable,5,95%,1.645,58.1,160.8,290.3,591.4,881.6,881.6
Smith's Bar,Barefoot,A,intermittent-stable,5,99%,2.326,58.1,160.8,290.3,836.2,1126.4,1126.4
Smith's Bar,Budweiser,C,intermittent-seasonal,2,90%,1.282,46.3,146.5,92.7,265.6,358.3,358.3
Smith's Bar,Budweiser,C,intermittent-seasonal,2,95%,1.645,46.3,146.5,92.7,340.8,433.5,433.5
Smith's Bar,Budweiser,C,intermittent-seasonal,2,99%,2.326,46.3,146.5,92.7,481.9,574.6,574.6
Smith's Bar,Budweiser,C,intermittent-seasonal,3,90%,1.282,46.3,146.5,139.0,325.3,464.4,464.4
Smith's Bar,Budweiser,C,intermittent-seasonal,3,95%,1.645,46.3,146.5,139.0,417.4,556.5,556.5
Smith's Bar,Budweiser,C,intermittent-seasonal,3,99%,2.326,46.3,146.5,139.0,590.2,729.3,729.3
Smith's Bar,Budweiser,C,intermittent-seasonal,5,90%,1.282,46.3,146.5,231.7,420.0,651.7,651.7
Smith's Bar,Budweiser,C,intermittent-seasonal,5,95%,1.645,46.3,146.5,231.7,538.9,770.6,770.6
Smith's Bar,Budweiser,C,intermittent-seasonal,5,99%,2.326,46.3,146.5,231.7,762.0,993.7,993.7
Smith's Bar,Captain Morgan,A,intermittent-volatile,2,90%,1.282,34.3,126.6,68.5,229.5,298.0,298.0
Smith's Bar,Captain Morgan,A,intermittent-volatile,2,95%,1.645,34.3,126.6,68.5,294.5,363.0,363.0
Smith's Bar,Captain Morgan,A,intermittent-volatile,2,99%,2.326,34.3,126.6,68.5,416.5,485.0,485.0
Smith's Bar,Captain Morgan,A,intermittent-volatile,3,90%,1.282,34.3,126.6,102.8,281.1,383.9,383.9
Smith's Bar,Captain Morgan,A,intermittent-volatile,3,95%,1.645,34.3,126.6,102.8,360.7,463.5,463.5
Smith's Bar,Captain Morgan,A,intermittent-volatile,3,99%,2.326,34.3,126.6,102.8,510.1,612.8,612.8
Smith's Bar,Captain Morgan,A,intermittent-volatile,5,90%,1.282,34.3,126.6,171.3,362.9,534.2,534.2
Smith's Bar,Captain Morgan,A,intermittent-volatile,5,95%,1.645,34.3,126.6,171.3,465.7,637.0,637.0
Smith's Bar,Captain Morgan,A,intermittent-volatile,5,99%,2.326,34.3,126.6,171.3,658.5,829.7,829.7
Smith's Bar,Coors,B,intermittent-stable,2,90%,1.282,35.6,116.7,71.2,211.5,282.7,282.7
Smith's Bar,Coors,B,intermittent-stable,2,95%,1.645,35.6,116.7,71.2,271.4,342.6,342.6
Smith's Bar,Coors,B,intermittent-stable,2,99%,2.326,35.6,116.7,71.2,383.7,455.0,455.0
Smith's Bar,Coors,B,intermittent-stable,3,90%,1.282,35.6,116.7,106.9,259.0,365.9,365.9
Smith's Bar,Coors,B,intermittent-stable,3,95%,1.645,35.6,116.7,106.9,332.4,439.2,439.2
Smith's Bar,Coors,B,intermittent-stable,3,99%,2.326,35.6,116.7,106.9,470.0,576.8,576.8
Smith's Bar,Coors,B,intermittent-stable,5,90%,1.282,35.6,116.7,178.1,334.4,512.5,512.5
Smith's Bar,Coors,B,intermittent-stable,5,95%,1.645,35.6,116.7,178.1,429.1,607.2,607.2
Smith's Bar,Coors,B,intermittent-stable,5,99%,2.326,35.6,116.7,178.1,606.7,784.8,784.8
Smith's Bar,Grey Goose,A,intermittent-seasonal,2,90%,1.282,81.4,173.4,162.7,314.4,477.1,477.1
Smith's Bar,Grey Goose,A,intermittent-seasonal,2,95%,1.645,81.4,173.4,162.7,403.4,566.2,566.2
Smith's Bar,Grey Goose,A,intermittent-seasonal,2,99%,2.326,81.4,173.4,162.7,570.4,733.2,733.2
Smith's Bar,Grey Goose,A,intermittent-seasonal,3,90%,1.282,81.4,173.4,244.1,385.1,629.2,629.2
Smith's Bar,Grey Goose,A,intermittent-seasonal,3,95%,1.645,81.4,173.4,244.1,494.1,738.2,738.2
Smith's Bar,Grey Goose,A,intermittent-seasonal,3,99%,2.326,81.4,173.4,244.1,698.6,942.8,942.8
Smith's Bar,Grey Goose,A,intermittent-seasonal,5,90%,1.282,81.4,173.4,406.9,497.1,904.0,904.0
Smith's Bar,Grey Goose,A,intermittent-seasonal,5,95%,1.645,81.4,173.4,406.9,637.9,1044.7,1044.7
Smith's Bar,Grey Goose,A,intermittent-seasonal,5,99%,2.326,81.4,173.4,406.9,901.9,1308.8,1308.8
Smith's Bar,Heineken,B,intermittent-stable,2,90%,1.282,56.0,159.6,112.1,289.4,401.5,401.5
Smith's Bar,Heineken,B,intermittent-stable,2,95%,1.645,56.0,159.6,112.1,371.4,483.4,483.4
Smith's Bar,Heineken,B,intermittent-stable,2,99%,2.326,56.0,159.6,112.1,525.1,637.2,637.2
Smith's Bar,Heineken,B,intermittent-stable,3,90%,1.282,56.0,159.6,168.1,354.5,522.6,522.6
Smith's Bar,Heineken,B,intermittent-stable,3,95%,1.645,56.0,159.6,168.1,454.9,622.9,622.9
Smith's Bar,Heineken,B,intermittent-stable,3,99%,2.326,56.0,159.6,168.1,643.2,811.2,811.2
Smith's Bar,Heineken,B,intermittent-stable,5,90%,1.282,56.0,159.6,280.1,457.6,737.8,737.8
Smith's Bar,Heineken,B,intermittent-stable,5,95%,1.645,56.0,159.6,280.1,587.2,867.4,867.4
Smith's Bar,Heineken,B,intermittent-stable,5,99%,2.326,56.0,159.6,280.1,830.3,1110.4,1110.4
Smith's Bar,Jack Daniels,A,intermittent-stable,2,90%,1.282,33.2,118.0,66.3,214.0,280.3,280.3
Smith's Bar,Jack Daniels,A,intermittent-stable,2,95%,1.645,33.2,118.0,66.3,274.5,340.9,340.9
Smith's Bar,Jack Daniels,A,intermittent-stable,2,99%,2.326,33.2,118.0,66.3,388.2,454.5,454.5
Smith's Bar,Jack Daniels,A,intermittent-stable,3,90%,1.282,33.2,118.0,99.5,262.1,361.5,361.5
Smith's Bar,Jack Daniels,A,intermittent-stable,3,95%,1.645,33.2,118.0,99.5,336.3,435.7,435.7
Smith's Bar,Jack Daniels,A,intermittent-stable,3,99%,2.326,33.2,118.0,99.5,475.5,574.9,574.9
Smith's Bar,Jack Daniels,A,intermittent-stable,5,90%,1.282,33.2,118.0,165.8,338.3,504.1,504.1
Smith's Bar,Jack Daniels,A,intermittent-stable,5,95%,1.645,33.2,118.0,165.8,434.1,599.9,599.9
Smith's Bar,Jack Daniels,A,intermittent-stable,5,99%,2.326,33.2,118.0,165.8,613.8,779.6,779.6
Smith's Bar,Jameson,A,intermittent-volatile,2,90%,1.282,70.3,162.3,140.6,294.2,434.8,434.8
Smith's Bar,Jameson,A,intermittent-volatile,2,95%,1.645,70.3,162.3,140.6,377.5,518.1,518.1
Smith's Bar,Jameson,A,intermittent-volatile,2,99%,2.326,70.3,162.3,140.6,533.8,674.4,674.4
Smith's Bar,Jameson,A,intermittent-volatile,3,90%,1.282,70.3,162.3,211.0,360.3,571.3,571.3
Smith's Bar,Jameson,A,intermittent-volatile,3,95%,1.645,70.3,162.3,211.0,462.3,673.3,673.3
Smith's Bar,Jameson,A,intermittent-volatile,3,99%,2.326,70.3,162.3,211.0,653.7,864.7,864.7
Smith's Bar,Jameson,A,intermittent-volatile,5,90%,1.282,70.3,162.3,351.6,465.2,816.8,816.8
Smith's Bar,Jameson,A,intermittent-volatile,5,95%,1.645,70.3,162.3,351.6,596.9,948.5,948.5
Smith's Bar,Jameson,A,intermittent-volatile,5,99%,2.326,70.3,162.3,351.6,844.0,1195.6,1195.6
Smith's Bar,Jim Beam,A,intermittent-stable,2,90%,1.282,46.0,123.5,91.9,223.9,315.8,315.8
Smith's Bar,Jim Beam,A,intermittent-stable,2,95%,1.645,46.0,123.5,91.9,287.3,379.2,379.2
Smith's Bar,Jim Beam,A,intermittent-stable,2,99%,2.326,46.0,123.5,91.9,406.2,498.1,498.1
Smith's Bar,Jim Beam,A,intermittent-stable,3,90%,1.282,46.0,123.5,137.9,274.2,412.1,412.1
Smith's Bar,Jim Beam,A,intermittent-stable,3,95%,1.645,46.0,123.5,137.9,351.9,489.7,489.7
Smith's Bar,Jim Beam,A,intermittent-stable,3,99%,2.326,46.0,123.5,137.9,497.5,635.4,635.4
Smith's Bar,Jim Beam,A,intermittent-stable,5,90%,1.282,46.0,123.5,229.8,354.0,583.8,583.8
Smith's Bar,Jim Beam,A,intermittent-stable,5,95%,1.645,46.0,123.5,229.8,454.2,684.0,684.0
Smith's Bar,Jim Beam,A,intermittent-stable,5,99%,2.326,46.0,123.5,229.8,642.3,872.0,872.0
Smith's Bar,Malibu,A,intermittent-volatile,2,90%,1.282,52.4,152.9,104.9,277.1,382.0,382.0
Smith's Bar,Malibu,A,intermittent-volatile,2,95%,1.645,52.4,152.9,104.9,355.6,460.5,460.5
Smith's Bar,Malibu,A,intermittent-volatile,2,99%,2.326,52.4,152.9,104.9,502.8,607.7,607.7
Smith's Bar,Malibu,A,intermittent-volatile,3,90%,1.282,52.4,152.9,157.3,339.4,496.7,496.7
Smith's Bar,Malibu,A,intermittent-volatile,3,95%,1.645,52.4,152.9,157.3,435.5,592.8,592.8
Smith's Bar,Malibu,A,intermittent-volatile,3,99%,2.326,52.4,152.9,157.3,615.8,773.1,773.1
Smith's Bar,Malibu,A,intermittent-volatile,5,90%,1.282,52.4,152.9,262.2,438.2,700.4,700.4
Smith's Bar,Malibu,A,intermittent-volatile,5,95%,1.645,52.4,152.9,262.2,562.2,824.4,824.4
Smith's Bar,Malibu,A,intermittent-volatile,5,99%,2.326,52.4,152.9,262.2,795.0,1057.2,1057.2
Smith's Bar,Miller,A,intermittent-stable,2,90%,1.282,45.0,121.7,90.1,220.7,310.8,310.8
Smith's Bar,Miller,A,intermittent-stable,2,95%,1.645,45.0,121.7,90.1,283.2,373.3,373.3
Smith's Bar,Miller,A,intermittent-stable,2,99%,2.326,45.0,121.7,90.1,400.4,490.5,490.5
Smith's Bar,Miller,A,intermittent-stable,3,90%,1.282,45.0,121.7,135.1,270.3,405.4,405.4
Smith's Bar,Miller,A,intermittent-stable,3,95%,1.645,45.0,121.7,135.1,346.9,482.0,482.0
Smith's Bar,Miller,A,intermittent-stable,3,99%,2.326,45.0,121.7,135.1,490.4,625.6,625.6
Smith's Bar,Miller,A,intermittent-stable,5,90%,1.282,45.0,121.7,225.2,349.0,574.2,574.2
Smith's Bar,Miller,A,intermittent-stable,5,95%,1.645,45.0,121.7,225.2,447.8,673.0,673.0
Smith's Bar,Miller,A,intermittent-stable,5,99%,2.326,45.0,121.7,225.2,633.2,858.4,858.4
Smith's Bar,Smirnoff,B,intermittent-volatile,2,90%,1.282,62.3,159.5,124.6,289.3,413.9,413.9
Smith's Bar,Smirnoff,B,intermittent-volatile,2,95%,1.645,62.3,159.5,124.6,371.2,495.8,495.8
Smith's Bar,Smirnoff,B,intermittent-volatile,2,99%,2.326,62.3,159.5,124.6,524.8,649.4,649.4
Smith's Bar,Smirnoff,B,intermittent-volatile,3,90%,1.282,62.3,159.5,186.9,354.3,541.2,541.2
Smith's Bar,Smirnoff,B,intermittent-volatile,3,95%,1.645,62.3,159.5,186.9,454.6,641.5,641.5
Smith's Bar,Smirnoff,B,intermittent-volatile,3,99%,2.326,62.3,159.5,186.9,642.8,829.7,829.7
Smith's Bar,Smirnoff,B,intermittent-volatile,5,90%,1.282,62.3,159.5,311.5,457.4,768.9,768.9
Smith's Bar,Smirnoff,B,intermittent-volatile,5,95%,1.645,62.3,159.5,311.5,586.9,898.4,898.4
Smith's Bar,Smirnoff,B,intermittent-volatile,5,99%,2.326,62.3,159.5,311.5,829.8,1141.3,1141.3
Smith's Bar,Sutter Home,A,intermittent-stable,2,90%,1.282,88.8,170.5,177.7,309.0,486.7,486.7
Smith's Bar,Sutter Home,A,intermittent-stable,2,95%,1.645,88.8,170.5,177.7,396.5,574.2,574.2
Smith's Bar,Sutter Home,A,intermittent-stable,2,99%,2.326,88.8,170.5,177.7,560.7,738.4,738.4
Smith's Bar,Sutter Home,A,intermittent-stable,3,90%,1.282,88.8,170.5,266.5,378.5,645.0,645.0
Smith's Bar,Sutter Home,A,intermittent-stable,3,95%,1.645,88.8,170.5,266.5,485.7,752.2,752.2
Smith's Bar,Sutter Home,A,intermittent-stable,3,99%,2.326,88.8,170.5,266.5,686.7,953.2,953.2
Smith's Bar,Sutter Home,A,intermittent-stable,5,90%,1.282,88.8,170.5,444.2,488.6,932.8,932.8
Smith's Bar,Sutter Home,A,intermittent-stable,5,95%,1.645,88.8,170.5,444.2,627.0,1071.2,1071.2
Smith's Bar,Sutter Home,A,intermittent-stable,5,99%,2.326,88.8,170.5,444.2,886.5,1330.7,1330.7
Smith's Bar,Yellow Tail,A,intermittent-stable,2,90%,1.282,69.0,178.5,138.1,323.7,461.8,461.8
Smith's Bar,Yellow Tail,A,intermittent-stable,2,95%,1.645,69.0,178.5,138.1,415.3,553.4,553.4
Smith's Bar,Yellow Tail,A,intermittent-stable,2,99%,2.326,69.0,178.5,138.1,587.3,725.4,725.4
Smith's Bar,Yellow Tail,A,intermittent-stable,3,90%,1.282,69.0,178.5,207.1,396.4,603.6,603.6
Smith's Bar,Yellow Tail,A,intermittent-stable,3,95%,1.645,69.0,178.5,207.1,508.7,715.8,715.8
Smith's Bar,Yellow Tail,A,intermittent-stable,3,99%,2.326,69.0,178.5,207.1,719.3,926.4,926.4
Smith's Bar,Yellow Tail,A,intermittent-stable,5,90%,1.282,69.0,178.5,345.2,511.8,857.0,857.0
Smith's Bar,Yellow Tail,A,intermittent-stable,5,95%,1.645,69.0,178.5,345.2,656.7,1001.9,1001.9
Smith's Bar,Yellow Tail,A,intermittent-stable,5,99%,2.326,69.0,178.5,345.2,928.6,1273.8,1273.8
Taylor's Bar,Absolut,A,intermittent-stable,2,90%,1.282,60.2,165.1,120.3,299.3,419.7,419.7
Taylor's Bar,Absolut,A,intermittent-stable,2,95%,1.645,60.2,165.1,120.3,384.1,504.4,504.4
Taylor's Bar,Absolut,A,intermittent-stable,2,99%,2.326,60.2,165.1,120.3,543.1,663.4,663.4
Taylor's Bar,Absolut,A,intermittent-stable,3,90%,1.282,60.2,165.1,180.5,366.6,547.1,547.1
Taylor's Bar,Absolut,A,intermittent-stable,3,95%,1.645,60.2,165.1,180.5,470.4,650.9,650.9
Taylor's Bar,Absolut,A,intermittent-stable,3,99%,2.326,60.2,165.1,180.5,665.1,845.6,845.6
Taylor's Bar,Absolut,A,intermittent-stable,5,90%,1.282,60.2,165.1,300.8,473.3,774.1,774.1
Taylor's Bar,Absolut,A,intermittent-stable,5,95%,1.645,60.2,165.1,300.8,607.3,908.1,908.1
Taylor's Bar,Absolut,A,intermittent-stable,5,99%,2.326,60.2,165.1,300.8,858.7,1159.5,1159.5
Taylor's Bar,Bacardi,B,intermittent-volatile,2,90%,1.282,33.1,142.5,66.1,258.4,324.5,324.5
Taylor's Bar,Bacardi,B,intermittent-volatile,2,95%,1.645,33.1,142.5,66.1,331.5,397.7,397.7
Taylor's Bar,Bacardi,B,intermittent-volatile,2,99%,2.326,33.1,142.5,66.1,468.8,534.9,534.9
Taylor's Bar,Bacardi,B,intermittent-volatile,3,90%,1.282,33.1,142.5,99.2,316.4,415.7,415.7
Taylor's Bar,Bacardi,B,intermittent-volatile,3,95%,1.645,33.1,142.5,99.2,406.0,505.3,505.3
Taylor's Bar,Bacardi,B,intermittent-volatile,3,99%,2.326,33.1,142.5,99.2,574.1,673.4,673.4
Taylor's Bar,Bacardi,B,intermittent-volatile,5,90%,1.282,33.1,142.5,165.3,408.5,573.9,573.9
Taylor's Bar,Bacardi,B,intermittent-volatile,5,95%,1.645,33.1,142.5,165.3,524.2,689.6,689.6
Taylor's Bar,Bacardi,B,intermittent-volatile,5,99%,2.326,33.1,142.5,165.3,741.2,906.6,906.6
Taylor's Bar,Barefoot,A,intermittent-volatile,2,90%,1.282,66.6,165.4,133.2,299.9,433.1,433.1
Taylor's Bar,Barefoot,A,intermittent-volatile,2,95%,1.645,66.6,165.4,133.2,384.8,518.0,518.0
Taylor's Bar,Barefoot,A,intermittent-volatile,2,99%,2.326,66.6,165.4,133.2,544.1,677.3,677.3
Taylor's Bar,Barefoot,A,intermittent-volatile,3,90%,1.282,66.6,165.4,199.7,367.3,567.0,567.0
Taylor's Bar,Barefoot,A,intermittent-volatile,3,95%,1.645,66.6,165.4,199.7,471.3,671.0,671.0
Taylor's Bar,Barefoot,A,intermittent-volatile,3,99%,2.326,66.6,165.4,199.7,666.4,866.2,866.2
Taylor's Bar,Barefoot,A,intermittent-volatile,5,90%,1.282,66.6,165.4,332.9,474.2,807.1,807.1
Taylor's Bar,Barefoot,A,intermittent-volatile,5,95%,1.645,66.6,165.4,332.9,608.5,941.3,941.3
Taylor's Bar,Barefoot,A,intermittent-volatile,5,99%,2.326,66.6,165.4,332.9,860.3,1193.2,1193.2
Taylor's Bar,Budweiser,A,intermittent-stable,2,90%,1.282,22.7,115.1,45.4,208.7,254.1,254.1
Taylor's Bar,Budweiser,A,intermittent-stable,2,95%,1.645,22.7,115.1,45.4,267.8,313.2,313.2
Taylor's Bar,Budweiser,A,intermittent-stable,2,99%,2.326,22.7,115.1,45.4,378.7,424.1,424.1
Taylor's Bar,Budweiser,A,intermittent-stable,3,90%,1.282,22.7,115.1,68.1,255.6,323.7,323.7
Taylor's Bar,Budweiser,A,intermittent-stable,3,95%,1.645,22.7,115.1,68.1,328.0,396.1,396.1
Taylor's Bar,Budweiser,A,intermittent-stable,3,99%,2.326,22.7,115.1,68.1,463.8,531.9,531.9
Taylor's Bar,Budweiser,A,intermittent-stable,5,90%,1.282,22.7,115.1,113.5,330.0,443.5,443.5
Taylor's Bar,Budweiser,A,intermittent-stable,5,95%,1.645,22.7,115.1,113.5,423.4,537.0,537.0
Taylor's Bar,Budweiser,A,intermittent-stable,5,99%,2.326,22.7,115.1,113.5,598.7,712.3,712.3
Taylor's Bar,Captain Morgan,A,intermittent-volatile,2,90%,1.282,60.9,174.5,121.7,316.3,438.0,438.0
Taylor's Bar,Captain Morgan,A,intermittent-volatile,2,95%,1.645,60.9,174.5,121.7,405.9,527.6,527.6
Taylor's Bar,Captain Morgan,A,intermittent-volatile,2,99%,2.326,60.9,174.5,121.7,573.9,695.6,695.6
Taylor's Bar,Captain Morgan,A,intermittent-volatile,3,90%,1.282,60.9,174.5,182.6,387.4,570.0,570.0
Taylor's Bar,Captain Morgan,A,intermittent-volatile,3,95%,1.645,60.9,174.5,182.6,497.1,679.7,679.7
Taylor's Bar,Captain Morgan,A,intermittent-volatile,3,99%,2.326,60.9,174.5,182.6,702.9,885.4,885.4
Taylor's Bar,Captain Morgan,A,intermittent-volatile,5,90%,1.282,60.9,174.5,304.3,500.1,804.4,804.4
Taylor's Bar,Captain Morgan,A,intermittent-volatile,5,95%,1.645,60.9,174.5,304.3,641.7,946.0,946.0
Taylor's Bar,Captain Morgan,A,intermittent-volatile,5,99%,2.326,60.9,174.5,304.3,907.4,1211.7,1211.7
Taylor's Bar,Coors,B,intermittent-volatile,2,90%,1.282,35.7,110.7,71.5,200.8,272.2,272.2
Taylor's Bar,Coors,B,intermittent-volatile,2,95%,1.645,35.7,110.7,71.5,257.6,329.1,329.1
Taylor's Bar,Coors,B,intermittent-volatile,2,99%,2.326,35.7,110.7,71.5,364.3,435.8,435.8
Taylor's Bar,Coors,B,intermittent-volatile,3,90%,1.282,35.7,110.7,107.2,245.9,353.1,353.1
Taylor's Bar,Coors,B,intermittent-volatile,3,95%,1.645,35.7,110.7,107.2,315.5,422.7,422.7
Taylor's Bar,Coors,B,intermittent-volatile,3,99%,2.326,35.7,110.7,107.2,446.2,553.4,553.4
Taylor's Bar,Coors,B,intermittent-volatile,5,90%,1.282,35.7,110.7,178.6,317.5,496.1,496.1
Taylor's Bar,Coors,B,intermittent-volatile,5,95%,1.645,35.7,110.7,178.6,407.4,586.0,586.0
Taylor's Bar,Coors,B,intermittent-volatile,5,99%,2.326,35.7,110.7,178.6,576.0,754.6,754.6
Taylor's Bar,Grey Goose,A,intermittent-stable,2,90%,1.282,81.3,173.9,162.7,315.3,478.0,478.0
Taylor's Bar,Grey Goose,A,intermittent-stable,2,95%,1.645,81.3,173.9,162.7,404.6,567.3,567.3
Taylor's Bar,Grey Goose,A,intermittent-stable,2,99%,2.326,81.3,173.9,162.7,572.1,734.8,734.8
Taylor's Bar,Grey Goose,A,intermittent-stable,3,90%,1.282,81.3,173.9,244.0,386.2,630.2,630.2
Taylor's Bar,Grey Goose,A,intermittent-stable,3,95%,1.645,81.3,173.9,244.0,495.6,739.6,739.6
Taylor's Bar,Grey Goose,A,intermittent-stable,3,99%,2.326,81.3,173.9,244.0,700.7,944.7,944.7
Taylor's Bar,Grey Goose,A,intermittent-stable,5,90%,1.282,81.3,173.9,406.7,498.6,905.3,905.3
Taylor's Bar,Grey Goose,A,intermittent-stable,5,95%,1.645,81.3,173.9,406.7,639.8,1046.5,1046.5
Taylor's Bar,Grey Goose,A,intermittent-stable,5,99%,2.326,81.3,173.9,406.7,904.6,1311.3,1311.3
Taylor's Bar,Heineken,C,intermittent-stable,2,90%,1.282,20.2,99.6,40.4,180.6,221.0,221.0
Taylor's Bar,Heineken,C,intermittent-stable,2,95%,1.645,20.2,99.6,40.4,231.7,272.1,272.1
Taylor's Bar,Heineken,C,intermittent-stable,2,99%,2.326,20.2,99.6,40.4,327.6,368.0,368.0
Taylor's Bar,Heineken,C,intermittent-stable,3,90%,1.282,20.2,99.6,60.6,221.1,281.7,281.7
Taylor's Bar,Heineken,C,intermittent-stable,3,95%,1.645,20.2,99.6,60.6,283.8,344.4,344.4
Taylor's Bar,Heineken,C,intermittent-stable,3,99%,2.326,20.2,99.6,60.6,401.2,461.8,461.8
Taylor's Bar,Heineken,C,intermittent-stable,5,90%,1.282,20.2,99.6,101.0,285.5,386.5,386.5
Taylor's Bar,Heineken,C,intermittent-stable,5,95%,1.645,20.2,99.6,101.0,366.3,467.3,467.3
Taylor's Bar,Heineken,C,intermittent-stable,5,99%,2.326,20.2,99.6,101.0,518.0,619.0,619.0
Taylor's Bar,Jack Daniels,A,intermittent-volatile,2,90%,1.282,49.6,141.2,99.2,256.0,355.3,355.3
Taylor's Bar,Jack Daniels,A,intermittent-volatile,2,95%,1.645,49.6,141.2,99.2,328.5,427.8,427.8
Taylor's Bar,Jack Daniels,A,intermittent-volatile,2,99%,2.326,49.6,141.2,99.2,464.5,563.8,563.8
Taylor's Bar,Jack Daniels,A,intermittent-volatile,3,90%,1.282,49.6,141.2,148.8,313.6,462.4,462.4
Taylor's Bar,Jack Daniels,A,intermittent-volatile,3,95%,1.645,49.6,141.2,148.8,402.4,551.2,551.2
Taylor's Bar,Jack Daniels,A,intermittent-volatile,3,99%,2.326,49.6,141.2,148.8,568.9,717.8,717.8
Taylor's Bar,Jack Daniels,A,intermittent-volatile,5,90%,1.282,49.6,141.2,248.1,404.8,652.9,652.9
Taylor's Bar,Jack Daniels,A,intermittent-volatile,5,95%,1.645,49.6,141.2,248.1,519.5,767.5,767.5
Taylor's Bar,Jack Daniels,A,intermittent-volatile,5,99%,2.326,49.6,141.2,248.1,734.5,982.6,982.6
Taylor's Bar,Jameson,A,intermittent-volatile,2,90%,1.282,68.4,176.3,136.8,319.7,456.5,456.5
Taylor's Bar,Jameson,A,intermittent-volatile,2,95%,1.645,68.4,176.3,136.8,410.2,547.0,547.0
Taylor's Bar,Jameson,A,intermittent-volatile,2,99%,2.326,68.4,176.3,136.8,580.1,716.9,716.9
Taylor's Bar,Jameson,A,intermittent-volatile,3,90%,1.282,68.4,176.3,205.2,391.6,596.8,596.8
Taylor's Bar,Jameson,A,intermittent-volatile,3,95%,1.645,68.4,176.3,205.2,502.4,707.7,707.7
Taylor's Bar,Jameson,A,intermittent-volatile,3,99%,2.326,68.4,176.3,205.2,710.5,915.7,915.7
Taylor's Bar,Jameson,A,intermittent-volatile,5,90%,1.282,68.4,176.3,342.0,505.5,847.5,847.5
Taylor's Bar,Jameson,A,intermittent-volatile,5,95%,1.645,68.4,176.3,342.0,648.7,990.7,990.7
Taylor's Bar,Jameson,A,intermittent-volatile,5,99%,2.326,68.4,176.3,342.0,917.2,1259.2,1259.2
Taylor's Bar,Jim Beam,A,intermittent-volatile,2,90%,1.282,77.9,203.6,155.7,369.1,524.8,524.8
Taylor's Bar,Jim Beam,A,intermittent-volatile,2,95%,1.645,77.9,203.6,155.7,473.6,629.3,629.3
Taylor's Bar,Jim Beam,A,intermittent-volatile,2,99%,2.326,77.9,203.6,155.7,669.6,825.3,825.3
Taylor's Bar,Jim Beam,A,intermittent-volatile,3,90%,1.282,77.9,203.6,233.6,452.0,685.6,685.6
Taylor's Bar,Jim Beam,A,intermittent-volatile,3,95%,1.645,77.9,203.6,233.6,580.0,813.6,813.6
Taylor's Bar,Jim Beam,A,intermittent-volatile,3,99%,2.326,77.9,203.6,233.6,820.1,1053.7,1053.7
Taylor's Bar,Jim Beam,A,intermittent-volatile,5,90%,1.282,77.9,203.6,389.4,583.5,972.9,972.9
Taylor's Bar,Jim Beam,A,intermittent-volatile,5,95%,1.645,77.9,203.6,389.4,748.8,1138.1,1138.1
Taylor's Bar,Jim Beam,A,intermittent-volatile,5,99%,2.326,77.9,203.6,389.4,1058.7,1448.1,1448.1
Taylor's Bar,Malibu,A,intermittent-volatile,2,90%,1.282,62.1,153.3,124.3,278.0,402.3,402.3
Taylor's Bar,Malibu,A,intermittent-volatile,2,95%,1.645,62.1,153.3,124.3,356.7,481.0,481.0
Taylor's Bar,Malibu,A,intermittent-volatile,2,99%,2.326,62.1,153.3,124.3,504.4,628.7,628.7
Taylor's Bar,Malibu,A,intermittent-volatile,3,90%,1.282,62.1,153.3,186.4,340.5,526.9,526.9
Taylor's Bar,Malibu,A,intermittent-volatile,3,95%,1.645,62.1,153.3,186.4,436.9,623.3,623.3
Taylor's Bar,Malibu,A,intermittent-volatile,3,99%,2.326,62.1,153.3,186.4,617.7,804.2,804.2
Taylor's Bar,Malibu,A,intermittent-volatile,5,90%,1.282,62.1,153.3,310.7,439.5,750.3,750.3
Taylor's Bar,Malibu,A,intermittent-volatile,5,95%,1.645,62.1,153.3,310.7,564.0,874.7,874.7
Taylor's Bar,Malibu,A,intermittent-volatile,5,99%,2.326,62.1,153.3,310.7,797.5,1108.2,1108.2
Taylor's Bar,Miller,B,intermittent-seasonal,2,90%,1.282,30.5,130.2,61.0,236.1,297.1,297.1
Taylor's Bar,Miller,B,intermittent-seasonal,2,95%,1.645,30.5,130.2,61.0,303.0,363.9,363.9
Taylor's Bar,Miller,B,intermittent-seasonal,2,99%,2.326,30.5,130.2,61.0,428.4,489.3,489.3
Taylor's Bar,Miller,B,intermittent-seasonal,3,90%,1.282,30.5,130.2,91.5,289.2,380.6,380.6
Taylor's Bar,Miller,B,intermittent-seasonal,3,95%,1.645,30.5,130.2,91.5,371.0,462.5,462.5
Taylor's Bar,Miller,B,intermittent-seasonal,3,99%,2.326,30.5,130.2,91.5,524.6,616.1,616.1
Taylor's Bar,Miller,B,intermittent-seasonal,5,90%,1.282,30.5,130.2,152.4,373.3,525.7,525.7
Taylor's Bar,Miller,B,intermittent-seasonal,5,95%,1.645,30.5,130.2,152.4,479.0,631.4,631.4
Taylor's Bar,Miller,B,intermittent-seasonal,5,99%,2.326,30.5,130.2,152.4,677.3,829.7,829.7
Taylor's Bar,Smirnoff,A,intermittent-seasonal,2,90%,1.282,86.7,194.5,173.4,352.6,526.0,526.0
Taylor's Bar,Smirnoff,A,intermittent-seasonal,2,95%,1.645,86.7,194.5,173.4,452.4,625.8,625.8
Taylor's Bar,Smirnoff,A,intermittent-seasonal,2,99%,2.326,86.7,194.5,173.4,639.7,813.1,813.1
Taylor's Bar,Smirnoff,A,intermittent-seasonal,3,90%,1.282,86.7,194.5,260.1,431.8,691.9,691.9
Taylor's Bar,Smirnoff,A,intermittent-seasonal,3,95%,1.645,86.7,194.5,260.1,554.1,814.2,814.2
Taylor's Bar,Smirnoff,A,intermittent-seasonal,3,99%,2.326,86.7,194.5,260.1,783.5,1043.6,1043.6
Taylor's Bar,Smirnoff,A,intermittent-seasonal,5,90%,1.282,86.7,194.5,433.5,557.5,991.0,991.0
Taylor's Bar,Smirnoff,A,intermittent-seasonal,5,95%,1.645,86.7,194.5,433.5,715.3,1148.9,1148.9
Taylor's Bar,Smirnoff,A,intermittent-seasonal,5,99%,2.326,86.7,194.5,433.5,1011.5,1445.0,1445.0
Taylor's Bar,Sutter Home,B,intermittent-volatile,2,90%,1.282,69.3,206.7,138.7,374.8,513.5,513.5
Taylor's Bar,Sutter Home,B,intermittent-volatile,2,95%,1.645,69.3,206.7,138.7,480.9,619.6,619.6
Taylor's Bar,Sutter Home,B,intermittent-volatile,2,99%,2.326,69.3,206.7,138.7,680.0,818.7,818.7
Taylor's Bar,Sutter Home,B,intermittent-volatile,3,90%,1.282,69.3,206.7,208.0,459.0,667.0,667.0
Taylor's Bar,Sutter Home,B,intermittent-volatile,3,95%,1.645,69.3,206.7,208.0,589.0,797.0,797.0
Taylor's Bar,Sutter Home,B,intermittent-volatile,3,99%,2.326,69.3,206.7,208.0,832.8,1040.8,1040.8
Taylor's Bar,Sutter Home,B,intermittent-volatile,5,90%,1.282,69.3,206.7,346.7,592.6,939.3,939.3
Taylor's Bar,Sutter Home,B,intermittent-volatile,5,95%,1.645,69.3,206.7,346.7,760.4,1107.1,1107.1
Taylor's Bar,Sutter Home,B,intermittent-volatile,5,99%,2.326,69.3,206.7,346.7,1075.2,1421.9,1421.9
Taylor's Bar,Yellow Tail,B,intermittent-stable,2,90%,1.282,35.7,123.4,71.4,223.8,295.2,295.2
Taylor's Bar,Yellow Tail,B,intermittent-stable,2,95%,1.645,35.7,123.4,71.4,287.2,358.6,358.6
Taylor's Bar,Yellow Tail,B,intermittent-stable,2,99%,2.326,35.7,123.4,71.4,406.0,477.5,477.5
Taylor's Bar,Yellow Tail,B,intermittent-stable,3,90%,1.282,35.7,123.4,107.1,274.1,381.2,381.2
Taylor's Bar,Yellow Tail,B,intermittent-stable,3,95%,1.645,35.7,123.4,107.1,351.7,458.8,458.8
Taylor's Bar,Yellow Tail,B,intermittent-stable,3,99%,2.326,35.7,123.4,107.1,497.3,604.4,604.4
Taylor's Bar,Yellow Tail,B,intermittent-stable,5,90%,1.282,35.7,123.4,178.6,353.8,532.4,532.4
Taylor's Bar,Yellow Tail,B,intermittent-stable,5,95%,1.645,35.7,123.4,178.6,454.0,632.6,632.6
Taylor's Bar,Yellow Tail,B,intermittent-stable,5,99%,2.326,35.7,123.4,178.6,642.0,820.6,820.6
Thomas's Bar,Absolut,A,intermittent-seasonal,2,90%,1.282,51.6,125.5,103.2,227.5,330.7,330.7
Thomas's Bar,Absolut,A,intermittent-seasonal,2,95%,1.645,51.6,125.5,103.2,291.9,395.1,395.1
Thomas's Bar,Absolut,A,intermittent-seasonal,2,99%,2.326,51.6,125.5,103.2,412.8,516.0,516.0
Thomas's Bar,Absolut,A,intermittent-seasonal,3,90%,1.282,51.6,125.5,154.8,278.6,433.5,433.5
Thomas's Bar,Absolut,A,intermittent-seasonal,3,95%,1.645,51.6,125.5,154.8,357.5,512.4,512.4
Thomas's Bar,Absolut,A,intermittent-seasonal,3,99%,2.326,51.6,125.5,154.8,505.5,660.4,660.4
Thomas's Bar,Absolut,A,intermittent-seasonal,5,90%,1.282,51.6,125.5,258.0,359.7,617.8,617.8
Thomas's Bar,Absolut,A,intermittent-seasonal,5,95%,1.645,51.6,125.5,258.0,461.6,719.6,719.6
Thomas's Bar,Absolut,A,intermittent-seasonal,5,99%,2.326,51.6,125.5,258.0,652.7,910.7,910.7
Thomas's Bar,Bacardi,A,intermittent-stable,2,90%,1.282,75.0,191.7,150.0,347.5,497.5,497.5
Thomas's Bar,Bacardi,A,intermittent-stable,2,95%,1.645,75.0,191.7,150.0,445.9,595.9,595.9
Thomas's Bar,Bacardi,A,intermittent-stable,2,99%,2.326,75.0,191.7,150.0,630.5,780.5,780.5
Thomas's Bar,Bacardi,A,intermittent-stable,3,90%,1.282,75.0,191.7,225.0,425.6,650.6,650.6
Thomas's Bar,Bacardi,A,intermittent-stable,3,95%,1.645,75.0,191.7,225.0,546.1,771.1,771.1
Thomas's Bar,Bacardi,A,intermittent-stable,3,99%,2.326,75.0,191.7,225.0,772.2,997.2,997.2
Thomas's Bar,Bacardi,A,intermittent-stable,5,90%,1.282,75.0,191.7,374.9,549.5,924.4,924.4
Thomas's Bar,Bacardi,A,intermittent-stable,5,95%,1.645,75.0,191.7,374.9,705.1,1080.0,1080.0
Thomas's Bar,Bacardi,A,intermittent-stable,5,99%,2.326,75.0,191.7,374.9,996.9,1371.9,1371.9
Thomas's Bar,Barefoot,A,intermittent-stable,2,90%,1.282,65.6,150.3,131.1,272.4,403.5,403.5
Thomas's Bar,Barefoot,A,intermittent-stable,2,95%,1.645,65.6,150.3,131.1,349.5,480.7,480.7
Thomas's Bar,Barefoot,A,intermittent-stable,2,99%,2.326,65.6,150.3,131.1,494.3,625.4,625.4
Thomas's Bar,Barefoot,A,intermittent-stable,3,90%,1.282,65.6,150.3,196.7,333.6,530.3,530.3
Thomas's Bar,Barefoot,A,intermittent-stable,3,95%,1.645,65.6,150.3,196.7,428.1,624.8,624.8
Thomas's Bar,Barefoot,A,intermittent-stable,3,99%,2.326,65.6,150.3,196.7,605.3,802.0,802.0
Thomas's Bar,Barefoot,A,intermittent-stable,5,90%,1.282,65.6,150.3,327.8,430.7,758.5,758.5
Thomas's Bar,Barefoot,A,intermittent-stable,5,95%,1.645,65.6,150.3,327.8,552.7,880.5,880.5
Thomas's Bar,Barefoot,A,intermittent-stable,5,99%,2.326,65.6,150.3,327.8,781.5,1109.3,1109.3
Thomas's Bar,Budweiser,B,intermittent-volatile,2,90%,1.282,58.9,144.3,117.8,261.6,379.4,379.4
Thomas's Bar,Budweiser,B,intermittent-volatile,2,95%,1.645,58.9,144.3,117.8,335.7,453.4,453.4
Thomas's Bar,Budweiser,B,intermittent-volatile,2,99%,2.326,58.9,144.3,117.8,474.6,592.4,592.4
Thomas's Bar,Budweiser,B,intermittent-volatile,3,90%,1.282,58.9,144.3,176.6,320.4,497.0,497.0
Thomas's Bar,Budweiser,B,intermittent-volatile,3,95%,1.645,58.9,144.3,176.6,411.1,587.7,587.7
Thomas's Bar,Budweiser,B,intermittent-volatile,3,99%,2.326,58.9,144.3,176.6,581.3,757.9,757.9
Thomas's Bar,Budweiser,B,intermittent-volatile,5,90%,1.282,58.9,144.3,294.4,413.6,708.0,708.0
Thomas's Bar,Budweiser,B,intermittent-volatile,5,95%,1.645,58.9,144.3,294.4,530.7,825.1,825.1
Thomas's Bar,Budweiser,B,intermittent-volatile,5,99%,2.326,58.9,144.3,294.4,750.5,1044.8,1044.8
Thomas's Bar,Captain Morgan,A,intermittent-volatile,2,90%,1.282,60.5,148.9,121.0,270.0,391.0,391.0
Thomas's Bar,Captain Morgan,A,intermittent-volatile,2,95%,1.645,60.5,148.9,121.0,346.5,467.5,467.5
Thomas's Bar,Captain Morgan,A,intermittent-volatile,2,99%,2.326,60.5,148.9,121.0,489.9,610.9,610.9
Thomas's Bar,Captain Morgan,A,intermittent-volatile,3,90%,1.282,60.5,148.9,181.5,330.7,512.2,512.2
Thomas's Bar,Captain Morgan,A,intermittent-volatile,3,95%,1.645,60.5,148.9,181.5,424.3,605.8,605.8
Thomas's Bar,Captain Morgan,A,intermittent-volatile,3,99%,2.326,60.5,148.9,181.5,600.0,781.5,781.5
Thomas's Bar,Captain Morgan,A,intermittent-volatile,5,90%,1.282,60.5,148.9,302.5,426.9,729.4,729.4
Thomas's Bar,Captain Morgan,A,intermittent-volatile,5,95%,1.645,60.5,148.9,302.5,547.8,850.3,850.3
Thomas's Bar,Captain Morgan,A,intermittent-volatile,5,99%,2.326,60.5,148.9,302.5,774.6,1077.1,1077.1
Thomas's Bar,Coors,C,intermittent-stable,2,90%,1.282,25.5,116.9,51.0,211.9,262.9,262.9
Thomas's Bar,Coors,C,intermittent-stable,2,95%,1.645,25.5,116.9,51.0,272.0,322.9,322.9
Thomas's Bar,Coors,C,intermittent-stable,2,99%,2.326,25.5,116.9,51.0,384.5,435.5,435.5
Thomas's Bar,Coors,C,intermittent-stable,3,90%,1.282,25.5,116.9,76.4,259.6,336.0,336.0
Thomas's Bar,Coors,C,intermittent-stable,3,95%,1.645,25.5,116.9,76.4,333.1,409.5,409.5
Thomas's Bar,Coors,C,intermittent-stable,3,99%,2.326,25.5,116.9,76.4,471.0,547.4,547.4
Thomas's Bar,Coors,C,intermittent-stable,5,90%,1.282,25.5,116.9,127.4,335.1,462.5,462.5
Thomas's Bar,Coors,C,intermittent-stable,5,95%,1.645,25.5,116.9,127.4,430.0,557.4,557.4
Thomas's Bar,Coors,C,intermittent-stable,5,99%,2.326,25.5,116.9,127.4,608.0,735.4,735.4
Thomas's Bar,Grey Goose,A,intermittent-stable,2,90%,1.282,103.5,192.1,207.1,348.2,555.3,555.3
Thomas's Bar,Grey Goose,A,intermittent-stable,2,95%,1.645,103.5,192.1,207.1,446.8,653.9,653.9
Thomas's Bar,Grey Goose,A,intermittent-stable,2,99%,2.326,103.5,192.1,207.1,631.8,838.9,838.9
Thomas's Bar,Grey Goose,A,intermittent-stable,3,90%,1.282,103.5,192.1,310.6,426.5,737.1,737.1
Thomas's Bar,Grey Goose,A,intermittent-stable,3,95%,1.645,103.5,192.1,310.6,547.3,857.9,857.9
Thomas's Bar,Grey Goose,A,intermittent-stable,3,99%,2.326,103.5,192.1,310.6,773.8,1084.5,1084.5
Thomas's Bar,Grey Goose,A,intermittent-stable,5,90%,1.282,103.5,192.1,517.7,550.6,1068.3,1068.3
Thomas's Bar,Grey Goose,A,intermittent-stable,5,95%,1.645,103.5,192.1,517.7,706.5,1224.2,1224.2
Thomas's Bar,Grey Goose,A,intermittent-stable,5,99%,2.326,103.5,192.1,517.7,999.0,1516.7,1516.7
Thomas's Bar,Heineken,C,intermittent-volatile,2,90%,1.282,27.6,109.7,55.3,198.9,254.2,254.2
Thomas's Bar,Heineken,C,intermittent-volatile,2,95%,1.645,27.6,109.7,55.3,255.2,310.5,310.5
Thomas's Bar,Heineken,C,intermittent-volatile,2,99%,2.326,27.6,109.7,55.3,360.9,416.2,416.2
Thomas's Bar,Heineken,C,intermittent-volatile,3,90%,1.282,27.6,109.7,82.9,243.6,326.5,326.5
Thomas's Bar,Heineken,C,intermittent-volatile,3,95%,1.645,27.6,109.7,82.9,312.6,395.5,395.5
Thomas's Bar,Heineken,C,intermittent-volatile,3,99%,2.326,27.6,109.7,82.9,442.0,524.9,524.9
Thomas's Bar,Heineken,C,intermittent-volatile,5,90%,1.282,27.6,109.7,138.1,314.5,452.7,452.7
Thomas's Bar,Heineken,C,intermittent-volatile,5,95%,1.645,27.6,109.7,138.1,403.6,541.7,541.7
Thomas's Bar,Heineken,C,intermittent-volatile,5,99%,2.326,27.6,109.7,138.1,570.7,708.8,708.8
Thomas's Bar,Jack Daniels,A,intermittent-volatile,2,90%,1.282,45.6,135.8,91.3,246.2,337.5,337.5
Thomas's Bar,Jack Daniels,A,intermittent-volatile,2,95%,1.645,45.6,135.8,91.3,316.0,407.2,407.2
Thomas's Bar,Jack Daniels,A,intermittent-volatile,2,99%,2.326,45.6,135.8,91.3,446.8,538.0,538.0
Thomas's Bar,Jack Daniels,A,intermittent-volatile,3,90%,1.282,45.6,135.8,136.9,301.6,438.5,438.5
Thomas's Bar,Jack Daniels,A,intermittent-volatile,3,95%,1.645,45.6,135.8,136.9,387.0,523.9,523.9
Thomas's Bar,Jack Daniels,A,intermittent-volatile,3,99%,2.326,45.6,135.8,136.9,547.2,684.1,684.1
Thomas's Bar,Jack Daniels,A,intermittent-volatile,5,90%,1.282,45.6,135.8,228.2,389.3,617.5,617.5
Thomas's Bar,Jack Daniels,A,intermittent-volatile,5,95%,1.645,45.6,135.8,228.2,499.6,727.8,727.8
Thomas's Bar,Jack Daniels,A,intermittent-volatile,5,99%,2.326,45.6,135.8,228.2,706.4,934.6,934.6
Thomas's Bar,Jameson,B,intermittent-volatile,2,90%,1.282,3.8,72.2,7.6,130.9,138.4,138.4
Thomas's Bar,Jameson,B,intermittent-volatile,2,95%,1.645,3.8,72.2,7.6,167.9,175.5,175.5
Thomas's Bar,Jameson,B,intermittent-volatile,2,99%,2.326,3.8,72.2,7.6,237.4,245.0,245.0
Thomas's Bar,Jameson,B,intermittent-volatile,3,90%,1.282,3.8,72.2,11.3,160.3,171.6,171.6
Thomas's Bar,Jameson,B,intermittent-volatile,3,95%,1.645,3.8,72.2,11.3,205.7,217.0,217.0
Thomas's Bar,Jameson,B,intermittent-volatile,3,99%,2.326,3.8,72.2,11.3,290.8,302.1,302.1
Thomas's Bar,Jameson,B,intermittent-volatile,5,90%,1.282,3.8,72.2,18.9,206.9,225.8,225.8
Thomas's Bar,Jameson,B,intermittent-volatile,5,95%,1.645,3.8,72.2,18.9,265.5,284.4,284.4
Thomas's Bar,Jameson,B,intermittent-volatile,5,99%,2.326,3.8,72.2,18.9,375.4,394.3,394.3
Thomas's Bar,Jim Beam,A,intermittent-stable,2,90%,1.282,58.0,147.2,116.0,266.8,382.8,382.8
Thomas's Bar,Jim Beam,A,intermittent-stable,2,95%,1.645,58.0,147.2,116.0,342.4,458.4,458.4
Thomas's Bar,Jim Beam,A,intermittent-stable,2,99%,2.326,58.0,147.2,116.0,484.1,600.1,600.1
Thomas's Bar,Jim Beam,A,intermittent-stable,3,90%,1.282,58.0,147.2,174.0,326.8,500.8,500.8
Thomas's Bar,Jim Beam,A,intermittent-stable,3,95%,1.645,58.0,147.2,174.0,419.3,593.3,593.3
Thomas's Bar,Jim Beam,A,intermittent-stable,3,99%,2.326,58.0,147.2,174.0,592.9,766.9,766.9
Thomas's Bar,Jim Beam,A,intermittent-stable,5,90%,1.282,58.0,147.2,290.0,421.9,711.9,711.9
Thomas's Bar,Jim Beam,A,intermittent-stable,5,95%,1.645,58.0,147.2,290.0,541.3,831.3,831.3
Thomas's Bar,Jim Beam,A,intermittent-stable,5,99%,2.326,58.0,147.2,290.0,765.4,1055.4,1055.4
Thomas's Bar,Malibu,A,intermittent-seasonal,2,90%,1.282,46.1,126.9,92.1,230.0,322.1,322.1
Thomas's Bar,Malibu,A,intermittent-seasonal,2,95%,1.645,46.1,126.9,92.1,295.1,387.3,387.3
Thomas's Bar,Malibu,A,intermittent-seasonal,2,99%,2.326,46.1,126.9,92.1,417.3,509.4,509.4
Thomas's Bar,Malibu,A,intermittent-seasonal,3,90%,1.282,46.1,126.9,138.2,281.7,419.9,419.9
Thomas's Bar,Malibu,A,intermittent-seasonal,3,95%,1.645,46.1,126.9,138.2,361.5,499.7,499.7
Thomas's Bar,Malibu,A,intermittent-seasonal,3,99%,2.326,46.1,126.9,138.2,511.1,649.3,649.3
Thomas's Bar,Malibu,A,intermittent-seasonal,5,90%,1.282,46.1,126.9,230.3,363.7,594.0,594.0
Thomas's Bar,Malibu,A,intermittent-seasonal,5,95%,1.645,46.1,126.9,230.3,466.7,697.0,697.0
Thomas's Bar,Malibu,A,intermittent-seasonal,5,99%,2.326,46.1,126.9,230.3,659.8,890.2,890.2
Thomas's Bar,Miller,A,intermittent-volatile,2,90%,1.282,40.9,144.2,81.8,261.5,343.4,343.4
Thomas's Bar,Miller,A,intermittent-volatile,2,95%,1.645,40.9,144.2,81.8,335.6,417.4,417.4
Thomas's Bar,Miller,A,intermittent-volatile,2,99%,2.326,40.9,144.2,81.8,474.5,556.3,556.3
Thomas's Bar,Miller,A,intermittent-volatile,3,90%,1.282,40.9,144.2,122.8,320.3,443.0,443.0
Thomas's Bar,Miller,A,intermittent-volatile,3,95%,1.645,40.9,144.2,122.8,411.0,533.7,533.7
Thomas's Bar,Miller,A,intermittent-volatile,3,99%,2.326,40.9,144.2,122.8,581.1,703.9,703.9
Thomas's Bar,Miller,A,intermittent-volatile,5,90%,1.282,40.9,144.2,204.6,413.5,618.1,618.1
Thomas's Bar,Miller,A,intermittent-volatile,5,95%,1.645,40.9,144.2,204.6,530.6,735.2,735.2
Thomas's Bar,Miller,A,intermittent-volatile,5,99%,2.326,40.9,144.2,204.6,750.2,954.8,954.8
Thomas's Bar,Smirnoff,A,intermittent-stable,2,90%,1.282,66.4,183.1,132.9,331.9,464.8,464.8
Thomas's Bar,Smirnoff,A,intermittent-stable,2,95%,1.645,66.4,183.1,132.9,425.9,558.8,558.8
Thomas's Bar,Smirnoff,A,intermittent-stable,2,99%,2.326,66.4,183.1,132.9,602.3,735.1,735.1
Thomas's Bar,Smirnoff,A,intermittent-stable,3,90%,1.282,66.4,183.1,199.3,406.5,605.8,605.8
Thomas's Bar,Smirnoff,A,intermittent-stable,3,95%,1.645,66.4,183.1,199.3,521.7,720.9,720.9
Thomas's Bar,Smirnoff,A,intermittent-stable,3,99%,2.326,66.4,183.1,199.3,737.6,936.9,936.9
Thomas's Bar,Smirnoff,A,intermittent-stable,5,90%,1.282,66.4,183.1,332.2,524.8,857.0,857.0
Thomas's Bar,Smirnoff,A,intermittent-stable,5,95%,1.645,66.4,183.1,332.2,673.5,1005.6,1005.6
Thomas's Bar,Smirnoff,A,intermittent-stable,5,99%,2.326,66.4,183.1,332.2,952.2,1284.4,1284.4
Thomas's Bar,Sutter Home,C,intermittent-stable,2,90%,1.282,32.6,118.6,65.2,215.1,280.3,280.3
Thomas's Bar,Sutter Home,C,intermittent-stable,2,95%,1.645,32.6,118.6,65.2,276.0,341.2,341.2
Thomas's Bar,Sutter Home,C,intermittent-stable,2,99%,2.326,32.6,118.6,65.2,390.3,455.5,455.5
Thomas's Bar,Sutter Home,C,intermittent-stable,3,90%,1.282,32.6,118.6,97.8,263.4,361.2,361.2
Thomas's Bar,Sutter Home,C,intermittent-stable,3,95%,1.645,32.6,118.6,97.8,338.0,435.8,435.8
Thomas's Bar,Sutter Home,C,intermittent-stable,3,99%,2.326,32.6,118.6,97.8,478.0,575.8,575.8
Thomas's Bar,Sutter Home,C,intermittent-stable,5,90%,1.282,32.6,118.6,163.0,340.1,503.1,503.1
Thomas's Bar,Sutter Home,C,intermittent-stable,5,95%,1.645,32.6,118.6,163.0,436.4,599.4,599.4
Thomas's Bar,Sutter Home,C,intermittent-stable,5,99%,2.326,32.6,118.6,163.0,617.1,780.1,780.1
Thomas's Bar,Yellow Tail,A,intermittent-seasonal,2,90%,1.282,99.9,192.3,199.8,348.6,548.4,548.4
Thomas's Bar,Yellow Tail,A,intermittent-seasonal,2,95%,1.645,99.9,192.3,199.8,447.4,647.1,647.1
Thomas's Bar,Yellow Tail,A,intermittent-seasonal,2,99%,2.326,99.9,192.3,199.8,632.5,832.3,832.3
Thomas's Bar,Yellow Tail,A,intermittent-seasonal,3,90%,1.282,99.9,192.3,299.7,427.0,726.6,726.6
Thomas's Bar,Yellow Tail,A,intermittent-seasonal,3,95%,1.645,99.9,192.3,299.7,547.9,847.6,847.6
Thomas's Bar,Yellow Tail,A,intermittent-seasonal,3,99%,2.326,99.9,192.3,299.7,774.7,1074.4,1074.4
Thomas's Bar,Yellow Tail,A,intermittent-seasonal,5,90%,1.282,99.9,192.3,499.4,551.2,1050.7,1050.7
Thomas's Bar,Yellow Tail,A,intermittent-seasonal,5,95%,1.645,99.9,192.3,499.4,707.3,1206.8,1206.8
Thomas's Bar,Yellow Tail,A,intermittent-seasonal,5,99%,2.326,99.9,192.3,499.4,1000.1,1499.6,1499.6
